,timestampI,timestampF,MAC,RSSI,channel,latitudeI,longitudeI,latitudeF,longitudeF,cnt_pckg,id,device_id,duration,ts_sort,distancias
8377,2021-07-02 08:14:16,2021-07-02 08:16:18,38:d4:0b:7e:0b:d1,-92,5,-22.827521,-47.067282,-22.831894000000002,-47.062216,46,619,617.0,122,2021-07-02 08:14:16,0.7113357027777809
9035,2021-07-02 08:23:22,2021-07-02 08:26:17,50:92:b9:02:b9:28,-61,6,-22.829635999999997,-47.061212,-22.827469,-47.067258,59,12,617.0,175,2021-07-02 08:23:22,0.6648286162540448
9263,2021-07-02 08:31:51,2021-07-02 08:41:47,5a:ae:ef:87:15:4d,-47,6,-22.815539,-47.072573999999996,-22.818146,-47.061842,40,240,617.0,596,2021-07-02 08:31:51,1.1375224921607152
11103,2021-07-02 11:16:35,2021-07-02 11:28:57,dc:bf:e9:40:a7:15,-94,11,-22.825357,-47.065806,-22.816803,-47.062529,90,83,617.0,742,2021-07-02 11:16:35,1.0087189909278373
11226,2021-07-02 11:20:34,2021-07-02 11:27:55,c6:5c:22:fa:02:90,-54,1,-22.816549,-47.072674,-22.813613,-47.063447,64,206,617.0,441,2021-07-02 11:20:34,1.0004878880799315
11228,2021-07-02 11:20:38,2021-07-02 11:21:42,7c:8b:b5:e5:85:13,-55,1,-22.816451999999998,-47.07268,-22.813791000000002,-47.069253,118,208,617.0,64,2021-07-02 11:20:38,0.45926945060235463
11583,2021-07-02 11:59:30,2021-07-02 12:03:26,0c:cb:85:c4:9f:16,-89,6,-22.828429,-47.066348,-22.821451999999997,-47.070296,74,70,617.0,236,2021-07-02 11:59:30,0.8749841456603874
11672,2021-07-02 12:01:38,2021-07-02 12:06:32,08:cc:27:ee:0c:4e,-82,11,-22.825325,-47.066437,-22.813876,-47.070677,132,159,617.0,294,2021-07-02 12:01:38,1.3451991795930718
11769,2021-07-02 12:03:54,2021-07-02 12:09:17,d8:9a:34:1d:ae:f9,-76,1,-22.819257,-47.072203,-22.816257,-47.066218,167,256,617.0,323,2021-07-02 12:03:54,0.6982593106862484
11891,2021-07-02 12:10:14,2021-07-02 12:16:54,5a:ae:ef:87:15:4d,-54,6,-22.818901999999998,-47.066704,-22.818617,-47.059745,36,378,617.0,400,2021-07-02 12:10:14,0.713949223452482
11926,2021-07-02 12:11:49,2021-07-02 12:23:15,48:90:2f:db:fe:44,-86,11,-22.820129,-47.065725,-22.829791,-47.060032,252,413,617.0,686,2021-07-02 12:11:49,1.2225766738555008
12180,2021-07-02 12:21:16,2021-07-02 12:22:41,d4:63:c6:c9:a6:7d,-91,6,-22.829613000000002,-47.065296999999994,-22.829818,-47.061954,58,578,617.0,85,2021-07-02 12:21:16,0.3433624537577938
13144,2021-07-02 12:53:02,2021-07-02 12:54:17,0c:ec:8d:6c:1f:67,-93,11,-22.826214999999998,-47.067637,-22.831194,-47.063639,90,451,617.0,75,2021-07-02 12:53:02,0.6887674023671717
14823,2021-07-02 14:08:43,2021-07-02 14:18:57,98:39:8e:31:0b:8d,-95,1,-22.819945,-47.067735,-22.827624,-47.067152,132,287,617.0,614,2021-07-02 14:08:43,0.8559550600238937
14826,2021-07-02 14:08:59,2021-07-02 14:17:46,bc:98:df:f2:af:6e,-90,11,-22.820467,-47.068219,-22.824937,-47.065544,34,290,617.0,527,2021-07-02 14:08:59,0.5676391796570508
15363,2021-07-02 14:37:58,2021-07-02 14:49:11,68:c4:4d:76:e6:cb,-95,11,-22.829537,-47.063646000000006,-22.819572,-47.067291,246,15,617.0,673,2021-07-02 14:37:58,1.1693368955535317
16710,2021-07-02 15:48:03,2021-07-02 15:52:40,30:cb:f8:6c:11:f9,-89,1,-22.818001000000002,-47.072525,-22.819337,-47.06707,32,202,617.0,277,2021-07-02 15:48:03,0.578496918322169
16787,2021-07-02 15:51:18,2021-07-02 15:58:32,a8:96:75:4c:66:9b,-88,6,-22.815098000000003,-47.064524,-22.818326000000003,-47.064112,63,279,617.0,434,2021-07-02 15:51:18,0.36141313316346796
17801,2021-07-02 16:48:45,2021-07-02 16:55:01,48:90:2f:d6:51:cf,-93,1,-22.817429999999998,-47.072661,-22.820966000000002,-47.068033,69,263,617.0,376,2021-07-02 16:48:45,0.6161069232471766
17804,2021-07-02 16:48:50,2021-07-02 16:59:07,58:d9:c3:4a:55:30,-87,1,-22.817238,-47.072672999999995,-22.816367,-47.062499,212,266,617.0,617,2021-07-02 16:48:50,1.0472620276454367
17912,2021-07-02 16:54:24,2021-07-02 17:04:38,be:24:fd:6d:fe:04,-92,1,-22.819602,-47.067342,-22.825847,-47.067257,47,374,617.0,614,2021-07-02 16:54:24,0.6944679187287953
20016,2021-07-05 06:52:42,2021-07-05 07:05:16,62:59:d1:fb:19:82,-68,2,-22.825633,-47.066283,-22.814103,-47.06317,83,73,617.0,754,2021-07-05 06:52:42,1.3211829618911797
20378,2021-07-05 07:16:45,2021-07-05 07:18:08,ee:b5:43:48:7f:0c,-92,1,-22.828523999999998,-47.066237,-22.825494,-47.066086999999996,230,43,617.0,83,2021-07-05 07:16:45,0.33727162721813075
20389,2021-07-05 07:16:57,2021-07-05 07:18:17,0c:f4:d5:15:60:78,-93,11,-22.827886,-47.06678,-22.82531,-47.065714,30,54,617.0,80,2021-07-05 07:16:57,0.30656607127982993
22455,2021-07-05 08:32:36,2021-07-05 08:45:02,5a:ae:ef:87:15:4d,-63,1,-22.818142,-47.072326000000004,-22.820045999999998,-47.060272,252,219,617.0,746,2021-07-05 08:32:36,1.253451341557099
22852,2021-07-05 09:10:53,2021-07-05 09:12:01,8a:ca:dd:90:50:e5,-94,11,-22.81879,-47.072393,-22.815692000000002,-47.072631,189,616,617.0,68,2021-07-05 09:10:53,0.34534495501797224
22868,2021-07-05 09:11:58,2021-07-05 09:13:27,24:6f:28:23:d1:c8,-91,1,-22.815964,-47.072675,-22.812666,-47.067792,40,632,617.0,89,2021-07-05 09:11:58,0.6204612615912363
23603,2021-07-05 11:19:42,2021-07-05 11:30:42,c6:5c:22:fa:02:90,-86,1,-22.817071,-47.072722999999996,-22.818074,-47.061248,45,218,617.0,660,2021-07-05 11:19:42,1.1813882712734387
24647,2021-07-05 12:00:48,2021-07-05 12:04:52,b4:c4:fc:53:4d:0a,-77,1,-22.829586,-47.063198,-22.825314000000002,-47.06668,33,40,617.0,244,2021-07-05 12:00:48,0.5941342248766514
24889,2021-07-05 12:07:39,2021-07-05 12:11:19,d8:9a:34:1d:ae:f9,-57,10,-22.818704,-47.072229,-22.813418,-47.065213,91,282,617.0,220,2021-07-05 12:07:39,0.9287569748548039
24903,2021-07-05 12:08:12,2021-07-05 12:13:48,48:2c:a0:9b:d1:ea,-92,1,-22.817259,-47.072709,-22.820120000000003,-47.068183000000005,66,296,617.0,336,2021-07-05 12:08:12,0.5624874525440925
25086,2021-07-05 12:16:25,2021-07-05 12:26:14,48:90:2f:db:fe:44,-52,6,-22.815226000000003,-47.063809,-22.829857,-47.060151,174,477,617.0,589,2021-07-05 12:16:25,1.669533921773232
26618,2021-07-05 13:18:10,2021-07-05 13:21:01,44:1c:7f:01:5e:d2,-86,6,-22.828646,-47.066129,-22.825139,-47.066184,96,83,617.0,171,2021-07-05 13:18:10,0.3900018828994682
26620,2021-07-05 13:18:13,2021-07-05 13:21:01,28:83:35:36:52:2f,-92,6,-22.828561999999998,-47.066210999999996,-22.825139,-47.066184,33,85,617.0,168,2021-07-05 13:18:13,0.38063081811462324
26622,2021-07-05 13:18:19,2021-07-05 13:25:03,04:c8:07:92:42:0c,-91,11,-22.828322,-47.066434,-22.816823,-47.072684,103,87,617.0,404,2021-07-05 13:18:19,1.4301111815774215
26623,2021-07-05 13:18:20,2021-07-05 13:20:48,50:92:b9:78:e3:0a,-86,6,-22.82827,-47.066482,-22.82498,-47.065781,110,88,617.0,148,2021-07-05 13:18:20,0.3728194594303387
27082,2021-07-05 13:38:33,2021-07-05 13:41:07,46:a5:6c:17:8e:f0,-91,10,-22.825089000000002,-47.065934999999996,-22.831903,-47.062312,42,547,617.0,154,2021-07-05 13:38:33,0.8437716092842324
27128,2021-07-05 13:39:35,2021-07-05 13:40:59,ea:52:29:6f:4a:71,-94,3,-22.826658,-47.067622,-22.831687,-47.062801,35,593,617.0,84,2021-07-05 13:39:35,0.7462027059474193
27364,2021-07-05 14:05:56,2021-07-05 14:09:01,04:d9:f5:49:e9:53,-92,1,-22.817819,-47.072604,-22.813788,-47.069596000000004,55,178,617.0,185,2021-07-05 14:05:56,0.5440213904932917
28950,2021-07-05 15:13:45,2021-07-05 15:19:17,58:d9:c3:98:e3:12,-87,6,-22.813104,-47.067997999999996,-22.820041,-47.065595,69,245,617.0,332,2021-07-05 15:13:45,0.809726597654426
28975,2021-07-05 15:15:06,2021-07-05 15:20:26,d0:04:01:8d:39:f4,-91,12,-22.814314000000003,-47.064436,-22.817073999999998,-47.063674,99,270,617.0,320,2021-07-05 15:15:06,0.3166803087826529
28980,2021-07-05 15:15:16,2021-07-05 15:27:09,8a:25:c6:af:8d:22,-92,6,-22.814701,-47.064168,-22.825201,-47.06608,56,275,617.0,713,2021-07-05 15:15:16,1.1838796495664332
28995,2021-07-05 15:16:43,2021-07-05 15:29:07,38:9a:f6:9e:21:55,-50,11,-22.816931,-47.066167,-22.830594,-47.064392,89,290,617.0,744,2021-07-05 15:16:43,1.5301111162803245
29144,2021-07-05 15:27:46,2021-07-05 15:29:38,60:be:b5:ea:a3:55,-83,11,-22.826044,-47.067578000000005,-22.831910999999998,-47.062436,105,439,617.0,112,2021-07-05 15:27:46,0.8386336998991961
29957,2021-07-05 15:53:41,2021-07-05 16:00:49,d4:c9:4b:28:b1:51,-87,7,-22.815801,-47.066282,-22.818095,-47.063548,97,262,617.0,428,2021-07-05 15:53:41,0.37893123662310224
29963,2021-07-05 15:54:02,2021-07-05 16:01:09,50:92:b9:f2:ba:66,-90,9,-22.816720999999998,-47.066182,-22.818410999999998,-47.063851,207,268,617.0,427,2021-07-05 15:54:02,0.3039619093279317
30019,2021-07-05 15:56:33,2021-07-05 16:00:55,e0:10:7f:ad:d3:38,-92,6,-22.820225,-47.065859,-22.818041,-47.063901,36,324,617.0,262,2021-07-05 15:56:33,0.315037368321827
30020,2021-07-05 15:56:41,2021-07-05 15:57:44,58:d9:c3:98:e3:12,-94,6,-22.819791,-47.065296999999994,-22.817365,-47.063744,41,325,617.0,63,2021-07-05 15:56:41,0.3132179834665943
30985,2021-07-05 16:53:56,2021-07-05 16:57:06,46:50:d9:ca:64:ff,-92,6,-22.813872,-47.070665000000005,-22.817768,-47.066224,48,197,617.0,190,2021-07-05 16:53:56,0.6283822111371566
31061,2021-07-05 16:58:22,2021-07-05 17:08:41,f0:d7:aa:05:66:18,-45,4,-22.820557,-47.068203000000004,-22.830254,-47.064646,192,273,617.0,619,2021-07-05 16:58:22,1.138216657563488
31240,2021-07-05 17:08:06,2021-07-05 17:09:33,f0:d7:aa:24:af:a8,-94,5,-22.828292,-47.066507,-22.831787,-47.06216,120,452,617.0,87,2021-07-05 17:08:06,0.5911847226614853
34071,2021-07-06 07:56:17,2021-07-06 07:59:16,02:df:1f:5f:7c:d0,-93,1,-22.829455,-47.064805,-22.825119,-47.066879,141,47,617.0,179,2021-07-06 07:56:17,0.5269164251736099
34314,2021-07-06 08:07:53,2021-07-06 08:15:49,80:58:f8:6c:5e:72,-61,12,-22.821179,-47.06735,-22.825077,-47.065841999999996,119,290,617.0,476,2021-07-06 08:07:53,0.46016924899890216
35190,2021-07-06 08:23:37,2021-07-06 08:36:04,f2:47:80:3d:42:fc,-57,6,-22.829387,-47.061748,-22.816697,-47.06619,86,13,617.0,747,2021-07-06 08:23:37,1.4826885852324645
35204,2021-07-06 08:24:16,2021-07-06 08:35:05,58:d9:c3:90:0a:34,-54,5,-22.829477999999998,-47.064417,-22.814975,-47.064306,31,27,617.0,649,2021-07-06 08:24:16,1.6127023749597849
35267,2021-07-06 08:25:30,2021-07-06 08:35:11,6a:bc:68:b4:c4:84,-85,1,-22.825939,-47.066927,-22.814994,-47.064312,237,90,617.0,581,2021-07-06 08:25:30,1.2461918901909363
35297,2021-07-06 08:26:13,2021-07-06 08:33:13,88:b4:a6:a1:85:9f,-89,6,-22.825078,-47.065293,-22.812795,-47.067842999999996,72,120,617.0,420,2021-07-06 08:26:13,1.3905903243329474
35571,2021-07-06 08:37:57,2021-07-06 08:39:28,2e:9a:be:21:4f:b0,-80,1,-22.820777,-47.068131,-22.818666,-47.064313,134,394,617.0,91,2021-07-06 08:37:57,0.45631779248823234
37204,2021-07-06 11:12:34,2021-07-06 11:14:31,b4:c4:fc:53:4d:0a,-93,1,-22.829357,-47.062090999999995,-22.825774,-47.066547,75,21,617.0,117,2021-07-06 11:12:34,0.6060413809014115
37277,2021-07-06 11:14:58,2021-07-06 11:17:25,00:0a:f5:b2:aa:88,-83,1,-22.825436,-47.066053000000004,-22.822314000000002,-47.069459,165,94,617.0,147,2021-07-06 11:14:58,0.4923090648212472
37332,2021-07-06 11:16:36,2021-07-06 11:20:42,24:c6:96:a3:12:a1,-72,1,-22.824256,-47.067744,-22.813779999999998,-47.069668,245,149,617.0,246,2021-07-06 11:16:36,1.1814527471912506
37412,2021-07-06 11:19:09,2021-07-06 11:24:12,c6:5c:22:fa:02:90,-79,1,-22.817031,-47.072767,-22.81993,-47.067814,171,229,617.0,303,2021-07-06 11:19:09,0.6013463855481792
37698,2021-07-06 11:34:18,2021-07-06 11:35:28,08:cc:27:81:50:2b,-85,11,-22.828554999999998,-47.066299,-22.831879999999998,-47.062283,36,515,617.0,70,2021-07-06 11:34:18,0.5532538824631228
37916,2021-07-06 11:57:48,2021-07-06 11:59:25,de:db:e4:8e:ac:9c,-91,6,-22.829549,-47.064125,-22.825688,-47.066285,98,31,617.0,97,2021-07-06 11:57:48,0.4830359342657789
38817,2021-07-06 12:05:00,2021-07-06 12:14:02,5a:ae:ef:87:15:4d,-55,11,-22.816532000000002,-47.072695,-22.816817999999998,-47.062512,158,256,617.0,542,2021-07-06 12:05:00,1.0441818352009753
39827,2021-07-06 13:13:12,2021-07-06 13:15:40,d8:bb:2c:e9:49:ac,-77,6,-22.829645000000003,-47.060396999999995,-22.828091,-47.066672,110,16,617.0,148,2021-07-06 13:13:12,0.6659033933643371
39846,2021-07-06 13:14:25,2021-07-06 13:18:00,02:00:00:00:00:00,-76,1,-22.829511,-47.063612,-22.825079000000002,-47.065946999999994,56,35,617.0,215,2021-07-06 13:14:25,0.5478458812929663
40394,2021-07-06 13:36:45,2021-07-06 13:39:40,b6:7b:82:be:a2:23,-95,11,-22.824683,-47.064999,-22.831781,-47.062174,56,582,617.0,175,2021-07-06 13:36:45,0.8406890853957627
40395,2021-07-06 13:36:46,2021-07-06 13:39:08,50:92:b9:2f:19:78,-93,6,-22.824719,-47.06508,-22.831431,-47.063285,56,583,617.0,142,2021-07-06 13:36:46,0.7686789253646825
40447,2021-07-06 13:37:24,2021-07-06 13:39:09,bc:98:df:50:1e:9e,-83,8,-22.825545,-47.066505,-22.831449,-47.063249,77,635,617.0,105,2021-07-06 13:37:24,0.736435269275053
41439,2021-07-06 14:08:01,2021-07-06 14:17:21,50:92:b9:02:b9:28,-48,3,-22.816953,-47.066174,-22.824864,-47.065453000000005,139,282,617.0,560,2021-07-06 14:08:01,0.8827626274879564
42893,2021-07-06 15:10:05,2021-07-06 15:15:33,a2:80:54:8e:da:7f,-83,11,-22.825528,-47.066082,-22.813937,-47.06839,42,72,617.0,328,2021-07-06 15:10:05,1.3103900631974295
43098,2021-07-06 15:17:21,2021-07-06 15:30:02,8a:25:c6:af:8d:22,-85,1,-22.815313,-47.064893,-22.825444,-47.066505,42,277,617.0,761,2021-07-06 15:17:21,1.1385682605297982
43265,2021-07-06 15:26:25,2021-07-06 15:30:16,c6:5c:22:fa:02:90,-92,1,-22.819416,-47.060008,-22.82576,-47.066995,90,444,617.0,231,2021-07-06 15:26:25,1.0051924924653368
43643,2021-07-06 15:49:22,2021-07-06 16:00:10,e4:12:1d:04:e5:35,-89,1,-22.817752,-47.072587,-22.818274,-47.063527,207,249,617.0,648,2021-07-06 15:49:22,0.930399765928094
44561,2021-07-06 16:46:27,2021-07-06 16:50:08,c0:8c:71:be:e8:45,-90,6,-22.828339,-47.066415,-22.821795,-47.069984000000005,91,30,617.0,221,2021-07-06 16:46:27,0.8144225955327256
44583,2021-07-06 16:47:17,2021-07-06 16:59:54,02:00:00:00:00:00,-94,11,-22.827263000000002,-47.067440000000005,-22.817022,-47.063643,61,52,617.0,757,2021-07-06 16:47:17,1.203407693418299
44804,2021-07-06 16:57:28,2021-07-06 17:09:23,f0:d7:aa:05:66:18,-68,6,-22.819352,-47.067101,-22.831858,-47.062162,71,273,617.0,715,2021-07-06 16:57:28,1.4798674148076563
44882,2021-07-06 17:03:27,2021-07-06 17:06:31,5a:ae:ef:87:15:4d,-89,13,-22.818144,-47.061799,-22.824881,-47.065498999999996,229,351,617.0,184,2021-07-06 17:03:27,0.8396347115384987
44922,2021-07-06 17:06:23,2021-07-06 17:08:41,c6:41:b9:a9:55:7c,-94,11,-22.824842999999998,-47.065393,-22.831014,-47.063936,148,391,617.0,138,2021-07-06 17:06:23,0.7022439493374957
44923,2021-07-06 17:06:28,2021-07-06 17:09:36,d4:63:c6:4c:5e:a1,-89,10,-22.824879,-47.065496,-22.831094,-47.062284000000005,59,392,617.0,188,2021-07-06 17:06:28,0.7654736559955736
46855,2021-07-07 07:04:59,2021-07-07 07:06:22,96:63:11:8e:40:a0,-86,1,-22.82572,-47.066956,-22.831406,-47.063334999999995,63,359,617.0,83,2021-07-07 07:04:59,0.7331172796921129
47367,2021-07-07 07:34:04,2021-07-07 07:35:07,e2:ec:64:86:4a:15,-89,1,-22.828984,-47.065844,-22.831747,-47.062182,52,439,617.0,63,2021-07-07 07:34:04,0.4850137515118471
48222,2021-07-07 08:16:21,2021-07-07 08:18:02,70:fd:46:1f:44:a6,-93,11,-22.8252,-47.065994,-22.828551,-47.066272999999995,81,440,617.0,101,2021-07-07 08:16:21,0.3737102157648913
48446,2021-07-07 08:25:44,2021-07-07 08:27:11,7e:0a:5b:b3:e8:14,-91,11,-22.825335,-47.066564,-22.821776,-47.069983,210,126,617.0,87,2021-07-07 08:25:44,0.5285826897480688
48518,2021-07-07 08:28:46,2021-07-07 08:30:22,38:80:df:03:d4:ca,-88,13,-22.81675,-47.072705,-22.813879,-47.068882,38,198,617.0,96,2021-07-07 08:28:46,0.505423151111935
48550,2021-07-07 08:30:49,2021-07-07 08:34:48,10:94:bb:43:16:51,-79,1,-22.812769,-47.067821,-22.82096,-47.068057,98,230,617.0,239,2021-07-07 08:30:49,0.9111200400432324
51089,2021-07-07 11:14:00,2021-07-07 11:17:26,08:cc:27:ee:0c:4e,-90,11,-22.828265,-47.066483000000005,-22.822969,-47.0689,173,61,617.0,206,2021-07-07 11:14:00,0.6388674731638918
51116,2021-07-07 11:15:10,2021-07-07 11:22:33,8a:fc:77:0e:7c:05,-85,1,-22.825751,-47.0665,-22.812793,-47.067838,116,88,617.0,443,2021-07-07 11:15:10,1.4473770296377058
51223,2021-07-07 11:19:51,2021-07-07 11:26:49,d4:c9:4b:28:b1:51,-76,1,-22.816691,-47.072717,-22.82094,-47.066959999999995,140,195,617.0,418,2021-07-07 11:19:51,0.7558995010015981
51231,2021-07-07 11:20:14,2021-07-07 11:31:44,c6:5c:22:fa:02:90,-58,2,-22.816581,-47.072685,-22.818087,-47.06165,203,203,617.0,690,2021-07-07 11:20:14,1.1433468895453507
51489,2021-07-07 11:34:17,2021-07-07 11:35:38,04:92:26:05:e6:55,-80,11,-22.82396,-47.063328000000006,-22.825739000000002,-47.067065,76,461,617.0,81,2021-07-07 11:34:17,0.4310664075336904
51705,2021-07-07 12:01:12,2021-07-07 12:07:13,58:d9:c3:41:dc:54,-89,13,-22.826296,-47.067347,-22.816470000000002,-47.072665,228,121,617.0,361,2021-07-07 12:01:12,1.2210056630719177
51716,2021-07-07 12:01:24,2021-07-07 12:07:20,50:3d:c6:04:84:f6,-51,11,-22.825807,-47.066635,-22.816334,-47.072666,135,132,617.0,356,2021-07-07 12:01:24,1.2213202271102026
51722,2021-07-07 12:01:33,2021-07-07 12:04:15,0c:9d:92:7e:16:3d,-75,6,-22.825654999999998,-47.066219,-22.823352,-47.068554999999996,176,139,617.0,162,2021-07-07 12:01:33,0.35056590507121926
51761,2021-07-07 12:02:18,2021-07-07 12:14:18,f0:b5:d1:5d:08:6e,-83,11,-22.824934,-47.065287,-22.818977,-47.064552,48,177,617.0,720,2021-07-07 12:02:18,0.6666588003597128
52076,2021-07-07 12:13:23,2021-07-07 12:24:44,a0:4f:85:d4:dd:04,-93,1,-22.820498,-47.06626,-22.829808,-47.060029,74,492,617.0,681,2021-07-07 12:13:23,1.2163488392601536
53065,2021-07-07 12:32:16,2021-07-07 12:37:23,7a:90:2e:58:d4:e5,-88,6,-22.829611,-47.061471999999995,-22.825083,-47.065974,148,16,617.0,307,2021-07-07 12:32:16,0.682924849714522
53072,2021-07-07 12:32:27,2021-07-07 12:36:37,1c:cc:d6:c2:2b:b5,-92,6,-22.829549,-47.061636,-22.82546,-47.066054,53,23,617.0,250,2021-07-07 12:32:27,0.6416722420141936
53127,2021-07-07 12:34:06,2021-07-07 12:37:16,38:9a:f6:d7:e8:a9,-82,11,-22.829329,-47.065221,-22.824946,-47.065714,95,78,617.0,190,2021-07-07 12:34:06,0.4899800511258992
53137,2021-07-07 12:34:24,2021-07-07 12:37:26,4c:66:41:be:0d:b8,-92,11,-22.828632,-47.066133,-22.825149,-47.066111,53,88,617.0,182,2021-07-07 12:34:24,0.3872990274959702
53221,2021-07-07 12:35:37,2021-07-07 12:41:53,68:7d:6b:22:d0:69,-83,1,-22.825789999999998,-47.066596000000004,-22.816425,-47.07264,107,172,617.0,376,2021-07-07 12:35:37,1.2116585739628867
53227,2021-07-07 12:35:50,2021-07-07 12:38:57,0c:cb:85:c1:cb:ad,-51,3,-22.825782999999998,-47.066548,-22.823497,-47.068478999999996,45,178,617.0,187,2021-07-07 12:35:50,0.3221486518754121
53440,2021-07-07 12:41:26,2021-07-07 12:43:46,30:07:4d:2b:fd:0a,-85,11,-22.816748,-47.072681,-22.81276,-47.067836,142,391,617.0,140,2021-07-07 12:41:26,0.6657678934472949
55714,2021-07-07 13:58:23,2021-07-07 14:09:15,a0:4f:85:d4:dd:04,-59,1,-22.827453,-47.061114,-22.815142,-47.064639,107,6,617.0,652,2021-07-07 13:58:23,1.4157937745136613
57631,2021-07-07 15:26:10,2021-07-07 15:29:22,c6:5c:22:fa:02:90,-91,11,-22.819554,-47.060078999999995,-22.825175,-47.066046,82,379,617.0,192,2021-07-07 15:26:10,0.8744490250969886
57679,2021-07-07 15:29:16,2021-07-07 15:31:34,c8:c7:50:bc:9d:d5,-91,7,-22.825089000000002,-47.065864000000005,-22.831395999999998,-47.063414,39,427,617.0,138,2021-07-07 15:29:16,0.7449012171858067
57713,2021-07-07 15:30:31,2021-07-07 15:31:37,42:dd:ef:d0:79:a4,-90,11,-22.827934,-47.066893,-22.831462,-47.063291,86,461,617.0,66,2021-07-07 15:30:31,0.5386714358834149
58562,2021-07-07 15:54:17,2021-07-07 16:02:25,c8:c7:50:45:fd:73,-95,11,-22.81435,-47.064414,-22.818307,-47.063684,182,267,617.0,488,2021-07-07 15:54:17,0.4463151637662363
58621,2021-07-07 15:57:49,2021-07-07 16:02:37,e0:10:7f:6d:d3:38,-85,6,-22.820034,-47.065643,-22.818151999999998,-47.062838,40,326,617.0,288,2021-07-07 15:57:49,0.35559044325139305
58778,2021-07-07 16:07:02,2021-07-07 16:08:35,00:16:7f:28:4a:2a,-88,13,-22.825482,-47.066497999999996,-22.829501,-47.065405,75,483,617.0,93,2021-07-07 16:07:02,0.46071815771933466
62505,2021-07-08 07:17:12,2021-07-08 07:20:30,48:51:69:59:68:cc,-44,1,-22.819866,-47.07188,-22.81257,-47.067483,139,422,617.0,198,2021-07-08 07:17:12,0.9280494754008046
63354,2021-07-08 08:09:13,2021-07-08 08:16:17,68:c4:4d:76:e6:cb,-70,6,-22.81931,-47.067025,-22.818462,-47.059692999999996,146,274,617.0,424,2021-07-08 08:09:13,0.7573673213598364
64334,2021-07-08 09:18:42,2021-07-08 09:21:48,d6:ec:e0:fd:99:ad,-93,6,-22.820564,-47.068202,-22.814004999999998,-47.064512,49,263,617.0,186,2021-07-08 09:18:42,0.8215573713654066
64370,2021-07-08 09:21:53,2021-07-08 09:23:20,0a:36:b3:f8:13:c4,-65,11,-22.813634,-47.064576,-22.816499,-47.062502,63,299,617.0,87,2021-07-08 09:21:53,0.38298509352003696
65183,2021-07-08 11:17:18,2021-07-08 11:25:43,d4:c9:4b:89:c3:5a,-89,11,-22.825758999999998,-47.066538,-22.812742999999998,-47.067805,167,97,617.0,505,2021-07-08 11:17:18,1.4531290973344753
65185,2021-07-08 11:17:23,2021-07-08 11:20:55,0c:ef:af:d3:00:1e,-66,11,-22.825623,-47.066294,-22.821807,-47.069541,31,99,617.0,212,2021-07-08 11:17:23,0.5392505112431442
65195,2021-07-08 11:17:29,2021-07-08 11:27:52,50:92:b9:9d:72:6c,-87,5,-22.825519,-47.066121,-22.816169,-47.066262,66,109,617.0,623,2021-07-08 11:17:29,1.0397744296668598
65284,2021-07-08 11:20:23,2021-07-08 11:27:52,a8:16:d0:f6:23:3f,-91,7,-22.823526,-47.068496,-22.816169,-47.066262,52,198,617.0,449,2021-07-08 11:20:23,0.8495006916896
65393,2021-07-08 11:23:23,2021-07-08 11:25:47,48:49:c7:19:22:fa,-60,6,-22.816548,-47.072693,-22.812728,-47.067801,49,307,617.0,144,2021-07-08 11:23:23,0.6571423831641267
65396,2021-07-08 11:23:30,2021-07-08 11:25:56,7c:8b:b5:e5:85:13,-54,1,-22.816526,-47.072703999999995,-22.812606,-47.06773,123,310,617.0,146,2021-07-08 11:23:30,0.6707498405962947
65506,2021-07-08 11:28:54,2021-07-08 11:37:06,c6:5c:22:fa:02:90,-88,1,-22.819942,-47.067879,-22.820622,-47.060469,81,417,617.0,492,2021-07-08 11:28:54,0.7632159317396068
65588,2021-07-08 11:36:00,2021-07-08 11:39:05,1c:b7:2c:f1:0e:66,-54,6,-22.818456,-47.059681,-22.824908999999998,-47.065517,74,499,617.0,185,2021-07-08 11:36:00,0.9341467203076061
65792,2021-07-08 11:57:39,2021-07-08 12:02:41,6a:c4:ce:6c:24:9e,-44,1,-22.829511,-47.064799,-22.821772,-47.069590999999996,254,47,617.0,302,2021-07-08 11:57:39,0.990820447169853
65843,2021-07-08 11:59:06,2021-07-08 12:04:29,42:86:c6:cd:d8:9b,-91,1,-22.825923,-47.066833,-22.818263,-47.072198,182,98,617.0,323,2021-07-08 11:59:06,1.013819663265612
65972,2021-07-08 12:03:37,2021-07-08 12:09:36,d8:9a:34:1d:ae:f9,-85,1,-22.819491,-47.072066,-22.81641,-47.066225,189,226,617.0,359,2021-07-08 12:03:37,0.6897579494270212
66021,2021-07-08 12:05:20,2021-07-08 12:19:24,5a:ae:ef:87:15:4d,-84,6,-22.816807999999998,-47.072686,-22.820651,-47.060457,113,275,617.0,844,2021-07-08 12:05:20,1.3242242193150473
66087,2021-07-08 12:08:31,2021-07-08 12:19:17,da:64:c7:63:35:08,-59,6,-22.813836,-47.064746,-22.820224,-47.060301,155,341,617.0,646,2021-07-08 12:08:31,0.843862550183746
66163,2021-07-08 12:12:01,2021-07-08 12:15:23,f0:b5:d1:5d:08:6e,-95,11,-22.821279,-47.06755,-22.813610999999998,-47.063415,43,417,617.0,202,2021-07-08 12:12:01,0.9521644294858793
66174,2021-07-08 12:12:45,2021-07-08 12:24:27,a0:4f:85:d4:dd:04,-93,1,-22.820321,-47.066002000000005,-22.829684,-47.061833,124,428,617.0,702,2021-07-08 12:12:45,1.1253848505971158
66198,2021-07-08 12:14:12,2021-07-08 12:24:44,7e:d3:d7:42:cb:d3,-90,6,-22.816708,-47.063637,-22.829709,-47.060659,47,452,617.0,632,2021-07-08 12:14:12,1.4775150708426494
72225,2021-07-12 11:19:11,2021-07-12 11:24:15,c6:5c:22:fa:02:90,-69,1,-22.81662,-47.072676,-22.82055,-47.068184,163,238,617.0,304,2021-07-12 11:19:11,0.6347688782597742
72433,2021-07-12 11:33:01,2021-07-12 11:37:27,b2:80:78:51:32:c6,-67,1,-22.824891,-47.065525,-22.82967,-47.061887,232,446,617.0,266,2021-07-12 11:33:01,0.6491535649623564
72439,2021-07-12 11:33:11,2021-07-12 11:36:01,68:7d:6b:55:69:1b,-65,6,-22.824904,-47.065515000000005,-22.83106,-47.063918,59,452,617.0,170,2021-07-12 11:33:11,0.7038118405124023
72569,2021-07-12 11:57:30,2021-07-12 12:01:37,12:a9:09:69:71:2e,-93,1,-22.829531,-47.063289000000005,-22.823949,-47.068027,131,18,617.0,247,2021-07-12 11:57:30,0.7880649101410862
72641,2021-07-12 11:59:29,2021-07-12 12:05:05,58:d9:c3:41:dc:54,-91,6,-22.826192000000002,-47.067276,-22.816495,-47.072668,115,90,617.0,336,2021-07-12 11:59:29,1.2116273762618603
72645,2021-07-12 11:59:33,2021-07-12 12:04:02,50:92:b9:b5:cc:06,-92,6,-22.825975,-47.067017,-22.818637,-47.072247999999995,138,94,617.0,269,2021-07-12 11:59:33,0.9763211765952307
72649,2021-07-12 11:59:39,2021-07-12 12:02:01,42:86:c6:cd:d8:9b,-84,6,-22.825788,-47.06661,-22.822861,-47.068897,71,100,617.0,142,2021-07-12 11:59:39,0.40108413891213507
72868,2021-07-12 12:07:38,2021-07-12 12:11:05,6a:bc:68:b4:c4:84,-84,1,-22.813239000000003,-47.065442,-22.821265,-47.06756,180,317,617.0,207,2021-07-12 12:07:38,0.9184739940596364
72985,2021-07-12 12:16:13,2021-07-12 12:22:35,48:90:2f:db:fe:44,-55,6,-22.818195000000003,-47.062985,-22.829672,-47.061502000000004,213,433,617.0,382,2021-07-12 12:16:13,1.2852049256010682
73733,2021-07-12 12:34:48,2021-07-12 12:39:11,d6:42:0e:4e:1e:f8,-82,1,-22.829098000000002,-47.065668,-22.823172,-47.068659000000004,53,85,617.0,263,2021-07-12 12:34:48,0.7267534029512249
73804,2021-07-12 12:36:19,2021-07-12 12:42:51,04:c8:07:92:42:0c,-48,1,-22.825707,-47.066478000000004,-22.815476999999998,-47.072502,168,155,617.0,392,2021-07-12 12:36:19,1.2942780606720385
73891,2021-07-12 12:38:13,2021-07-12 12:44:35,f8:1f:32:a8:24:f8,-93,1,-22.824882000000002,-47.067178000000006,-22.812757,-47.067839,157,242,617.0,382,2021-07-12 12:38:13,1.349941392784454
73926,2021-07-12 12:39:30,2021-07-12 12:50:48,6a:bc:68:b4:c4:84,-41,6,-22.822803,-47.068971999999995,-22.814567,-47.064172,206,277,617.0,678,2021-07-12 12:39:30,1.0395785440011522
73928,2021-07-12 12:39:37,2021-07-12 12:41:42,f2:6a:dd:df:5f:69,-93,11,-22.822667000000003,-47.069117999999996,-22.817457,-47.07266,99,279,617.0,125,2021-07-12 12:39:37,0.6836711561773731
74151,2021-07-12 12:48:30,2021-07-12 12:56:31,5c:cd:5b:72:9c:7d,-84,1,-22.820875,-47.068087,-22.823916,-47.063125,192,502,617.0,481,2021-07-12 12:48:30,0.6107119401795837
75126,2021-07-12 13:15:40,2021-07-12 13:28:06,08:cc:27:d7:64:78,-86,1,-22.825873,-47.066809,-22.817056,-47.063657,32,100,617.0,746,2021-07-12 13:15:40,1.0322593000515163
75152,2021-07-12 13:16:07,2021-07-12 13:19:32,72:e0:3a:22:05:29,-92,6,-22.825592,-47.066189,-22.821745,-47.069796999999994,229,126,617.0,205,2021-07-12 13:16:07,0.5654397040843477
75213,2021-07-12 13:17:33,2021-07-12 13:21:35,d4:c9:4b:88:f7:99,-93,12,-22.825239,-47.06684,-22.816321,-47.072657,210,187,617.0,242,2021-07-12 13:17:33,1.15706013504305
75340,2021-07-12 13:21:46,2021-07-12 13:23:26,08:8c:2c:b0:8b:5f,-47,11,-22.81545,-47.072527,-22.812556,-47.067572999999996,209,313,617.0,100,2021-07-12 13:21:46,0.6011492035140485
76535,2021-07-12 14:05:32,2021-07-12 14:15:57,90:73:5a:47:f8:4e,-60,13,-22.812728,-47.067809999999994,-22.819931,-47.060215,196,241,617.0,625,2021-07-12 14:05:32,1.116905573705679
76556,2021-07-12 14:07:29,2021-07-12 14:08:44,38:80:df:99:7c:8c,-94,11,-22.816606,-47.066185,-22.819961,-47.067827,87,262,617.0,75,2021-07-12 14:07:29,0.4092627889812526
76944,2021-07-12 14:44:07,2021-07-12 14:47:50,dc:bf:e9:8c:41:2d,-54,7,-22.823389000000002,-47.068539,-22.812769,-47.067827,43,137,617.0,223,2021-07-12 14:44:07,1.183144406992935
78128,2021-07-12 15:17:42,2021-07-12 15:29:27,8a:25:c6:af:8d:22,-92,1,-22.814957,-47.064227,-22.825076,-47.065903000000006,122,313,617.0,705,2021-07-12 15:17:42,1.1382195663697712
78214,2021-07-12 15:23:44,2021-07-12 15:30:23,70:fd:46:9c:35:60,-85,1,-22.815326000000002,-47.06266,-22.827576999999998,-47.067227,86,399,617.0,399,2021-07-12 15:23:44,1.4404238943964827
78227,2021-07-12 15:24:08,2021-07-12 15:33:08,38:9a:f6:9e:21:55,-71,1,-22.815672,-47.062582,-22.829832,-47.060025,166,412,617.0,540,2021-07-12 15:24:08,1.5961826429986978
78893,2021-07-12 15:41:26,2021-07-12 15:45:27,aa:24:eb:bd:4e:40,-91,1,-22.829573,-47.061613,-22.825318,-47.066565999999995,180,13,617.0,241,2021-07-12 15:41:26,0.6939221010841202
78920,2021-07-12 15:42:49,2021-07-12 15:49:48,04:c8:07:92:42:0c,-91,11,-22.828405,-47.066362,-22.816628,-47.072669,199,40,617.0,419,2021-07-12 15:42:49,1.4603913775330506
79258,2021-07-12 15:55:01,2021-07-12 16:05:02,c6:13:60:d9:c4:c0,-74,1,-22.8201,-47.068117,-22.829106,-47.065733,54,378,617.0,601,2021-07-12 15:55:01,1.0307986203348731
79936,2021-07-12 16:45:16,2021-07-12 16:49:29,f4:f1:e1:0c:dc:73,-90,1,-22.829521,-47.063709,-22.821727,-47.069798,70,17,617.0,253,2021-07-12 16:45:16,1.067952630054644
79986,2021-07-12 16:46:44,2021-07-12 16:51:08,0e:c9:be:5e:00:37,-95,1,-22.825946,-47.066922,-22.817797,-47.07261,32,67,617.0,264,2021-07-12 16:46:44,1.0774583526963581
80206,2021-07-12 16:57:46,2021-07-12 17:05:20,2e:b9:85:66:07:20,-89,6,-22.818265,-47.063779,-22.825119,-47.065971000000005,93,286,617.0,454,2021-07-12 16:57:46,0.7945535582720165
80248,2021-07-12 17:02:01,2021-07-12 17:04:53,50:92:b9:d5:07:1a,-39,6,-22.818093,-47.061258,-22.824887,-47.065523999999996,203,328,617.0,172,2021-07-12 17:02:01,0.8728596824936301
84455,2021-07-13 08:31:41,2021-07-13 08:34:26,3e:af:94:9f:2e:09,-49,2,-22.812538,-47.067513,-22.819366,-47.067088,42,238,617.0,165,2021-07-13 08:31:41,0.7604885815488436
84960,2021-07-13 09:17:05,2021-07-13 09:22:26,4c:02:20:2d:cf:07,-93,1,-22.819682,-47.065145,-22.819664000000003,-47.060123,115,286,617.0,321,2021-07-13 09:17:05,0.5147179410932479
85263,2021-07-13 11:14:12,2021-07-13 11:19:35,dc:bf:e9:10:c7:91,-62,13,-22.827907,-47.066836,-22.816671,-47.07269,52,96,617.0,323,2021-07-13 11:14:12,1.3859801813182817
85446,2021-07-13 11:21:04,2021-07-13 11:25:39,30:fc:eb:89:46:e4,-94,6,-22.813773,-47.069567,-22.821198000000003,-47.067407,219,279,617.0,275,2021-07-13 11:21:04,0.8547899456266901
85625,2021-07-13 11:33:06,2021-07-13 11:37:43,b2:80:78:51:32:c6,-85,1,-22.824766,-47.065219,-22.829669,-47.061887,73,458,617.0,277,2021-07-13 11:33:06,0.6433061677836432
85748,2021-07-13 11:59:41,2021-07-13 12:04:04,00:0a:f5:61:1e:58,-55,1,-22.827918,-47.060933,-22.824932,-47.067163,178,9,617.0,263,2021-07-13 11:59:41,0.7196635648525823
86003,2021-07-13 12:07:29,2021-07-13 12:15:38,ae:aa:5d:8b:4e:31,-71,1,-22.81567,-47.072601,-22.813518,-47.064501,139,264,617.0,489,2021-07-13 12:07:29,0.8640123682348877
86044,2021-07-13 12:09:37,2021-07-13 12:19:26,30:cb:f8:75:29:ad,-91,11,-22.813144,-47.065533,-22.821082999999998,-47.060587,63,305,617.0,589,2021-07-13 12:09:37,1.017977809821808
86456,2021-07-13 13:13:22,2021-07-13 13:15:58,40:b0:76:87:46:52,-84,11,-22.827851000000003,-47.066814,-22.824791,-47.067263,49,113,617.0,156,2021-07-13 13:13:22,0.3433545043935003
86583,2021-07-13 13:16:10,2021-07-13 13:19:30,d4:c9:4b:88:f7:99,-62,1,-22.82425,-47.067741,-22.816484,-47.072645,32,240,617.0,200,2021-07-13 13:16:10,0.9991633236444115
87215,2021-07-13 14:00:10,2021-07-13 14:07:59,9c:5c:f9:e3:53:a7,-50,10,-22.827428,-47.067305,-22.81261,-47.066927,177,98,617.0,469,2021-07-13 14:00:10,1.6481441008092896
87230,2021-07-13 14:00:42,2021-07-13 14:03:40,06:e5:76:82:5c:27,-70,6,-22.825676,-47.066365000000005,-22.821723000000002,-47.070065,157,113,617.0,178,2021-07-13 14:00:42,0.580523062758346
87616,2021-07-13 14:19:35,2021-07-13 14:20:44,50:92:b9:b5:6c:8c,-96,11,-22.826877,-47.067623,-22.829416000000002,-47.065476000000004,36,499,617.0,69,2021-07-13 14:19:35,0.35794271533960914
87631,2021-07-13 14:20:23,2021-07-13 14:21:45,b0:f1:ec:cd:07:aa,-82,7,-22.828814,-47.066095000000004,-22.830915,-47.062238,32,514,617.0,82,2021-07-13 14:20:23,0.459158074810135
87680,2021-07-13 14:29:32,2021-07-13 14:42:32,74:c6:3b:ed:d2:01,-48,2,-22.827315,-47.061119,-22.821084,-47.070637,66,11,617.0,780,2021-07-13 14:29:32,1.196503695242126
87683,2021-07-13 14:30:05,2021-07-13 14:41:47,00:0a:f5:61:1e:58,-60,1,-22.82733,-47.061125,-22.822948,-47.068822999999995,200,14,617.0,702,2021-07-13 14:30:05,0.9272875536633269
87746,2021-07-13 14:37:06,2021-07-13 14:47:32,da:43:bc:a2:31:9c,-85,1,-22.829555,-47.063162,-22.815033,-47.064347,58,77,617.0,626,2021-07-13 14:37:06,1.6193357834231812
87800,2021-07-13 14:38:50,2021-07-13 14:40:18,0c:f4:d5:95:60:78,-90,11,-22.827751,-47.066969,-22.825132999999997,-47.066129,35,131,617.0,88,2021-07-13 14:38:50,0.3035713762201541
88073,2021-07-13 14:48:51,2021-07-13 14:56:33,60:ab:67:f4:5d:f3,-94,6,-22.818946,-47.06673,-22.823943,-47.063134999999996,31,403,617.0,462,2021-07-13 14:48:51,0.6667051294038978
88303,2021-07-13 14:58:54,2021-07-13 15:00:20,3a:dc:8b:2e:72:17,-93,9,-22.829064000000002,-47.065838,-22.830116,-47.062034999999995,108,633,617.0,86,2021-07-13 14:58:54,0.4069241332718991
88402,2021-07-13 15:10:34,2021-07-13 15:15:07,f8:1f:32:69:ab:e1,-94,6,-22.828428,-47.066321,-22.821479999999998,-47.070252,138,74,617.0,273,2021-07-13 15:10:34,0.8713192785155809
88447,2021-07-13 15:11:55,2021-07-13 15:14:06,a2:fc:25:65:6f:41,-78,5,-22.825429,-47.065958,-22.823635999999997,-47.068355,57,119,617.0,131,2021-07-13 15:11:55,0.31638646828925654
88509,2021-07-13 15:14:15,2021-07-13 15:16:52,d4:63:c6:19:8c:da,-60,12,-22.823141,-47.068689,-22.816579,-47.072652000000005,79,181,617.0,157,2021-07-13 15:14:15,0.8350955823528274
88596,2021-07-13 15:17:35,2021-07-13 15:19:11,bc:e1:43:2c:d2:60,-62,1,-22.814967000000003,-47.072371999999994,-22.81257,-47.067246000000004,91,268,617.0,96,2021-07-13 15:17:35,0.5891363442654728
88653,2021-07-13 15:21:24,2021-07-13 15:33:45,38:9a:f6:9e:21:55,-74,11,-22.81694,-47.066175,-22.831387,-47.063429,128,325,617.0,741,2021-07-13 15:21:24,1.6309013358484457
88717,2021-07-13 15:23:32,2021-07-13 15:26:58,58:b6:33:bb:0b:c8,-63,1,-22.820314,-47.065948999999996,-22.818118,-47.063497,45,389,617.0,206,2021-07-13 15:23:32,0.3504042840951963
88798,2021-07-13 15:28:56,2021-07-13 15:32:04,c6:5c:22:fa:02:90,-92,11,-22.819173000000003,-47.059942,-22.825239,-47.066249,104,470,617.0,188,2021-07-13 15:28:56,0.9342382259352167
88971,2021-07-13 15:44:12,2021-07-13 15:47:23,a2:7f:6f:a3:a1:1b,-84,1,-22.828678,-47.066134000000005,-22.823938000000002,-47.068185,66,71,617.0,191,2021-07-13 15:44:12,0.5674340848898511
89212,2021-07-13 15:53:06,2021-07-13 16:00:12,bc:98:df:d5:e9:be,-80,6,-22.815148999999998,-47.064703,-22.818296,-47.064099,106,311,617.0,426,2021-07-13 15:53:06,0.3553646737856365
89214,2021-07-13 15:53:15,2021-07-13 16:00:17,a8:96:75:4c:66:9b,-93,6,-22.815289,-47.065176,-22.81841,-47.063846999999996,139,313,617.0,422,2021-07-13 15:53:15,0.3728150222743646
89524,2021-07-13 16:46:47,2021-07-13 16:49:56,a4:50:46:6f:a4:2b,-94,6,-22.828595999999997,-47.066159000000006,-22.823123000000002,-47.068734,120,43,617.0,189,2021-07-13 16:46:47,0.6633278648638886
89740,2021-07-13 16:56:17,2021-07-13 17:07:53,f0:d7:aa:05:66:18,-92,1,-22.818789000000002,-47.066615000000006,-22.831885,-47.062351,156,256,617.0,696,2021-07-13 16:56:17,1.520370010736744
89824,2021-07-13 17:01:29,2021-07-13 17:05:34,50:92:b9:d5:07:1a,-60,6,-22.818006,-47.062911,-22.824965,-47.065711,124,340,617.0,245,2021-07-13 17:01:29,0.8253061855695429
90722,2021-07-14 07:07:26,2021-07-14 07:09:24,70:fd:46:52:52:78,-97,5,-22.824734,-47.065135999999995,-22.830032,-47.064886,53,335,617.0,118,2021-07-14 07:07:26,0.5896684344253994
90954,2021-07-14 07:17:10,2021-07-14 07:25:16,12:e1:2e:43:64:6e,-94,1,-22.824434,-47.067584000000004,-22.820210999999997,-47.065791,112,129,617.0,486,2021-07-14 07:17:10,0.5042536194892154
92403,2021-07-14 08:27:06,2021-07-14 08:36:13,0c:cb:85:b9:35:22,-87,11,-22.824594,-47.067440000000005,-22.819010000000002,-47.064546,36,176,617.0,547,2021-07-14 08:27:06,0.6881198538780781
93357,2021-07-14 09:02:46,2021-07-14 09:08:35,a8:16:d0:5b:97:53,-91,1,-22.829542,-47.063038,-22.818456,-47.072154,238,22,617.0,349,2021-07-14 09:02:46,1.5467582001147475
93526,2021-07-14 09:08:33,2021-07-14 09:20:36,02:00:00:00:00:00,-94,3,-22.818587,-47.072201,-22.819074,-47.059909999999995,34,191,617.0,723,2021-07-14 09:08:33,1.2608984442970452
93638,2021-07-14 09:14:18,2021-07-14 09:22:03,aa:49:21:67:fc:e5,-91,1,-22.821208,-47.067916,-22.823777,-47.062872999999996,55,303,617.0,465,2021-07-14 09:14:18,0.5905434082523185
94677,2021-07-14 11:15:58,2021-07-14 11:21:17,b6:83:10:d7:50:66,-71,1,-22.824360000000002,-47.067661,-22.813929,-47.070895,194,142,617.0,319,2021-07-14 11:15:58,1.2063074801763136
94766,2021-07-14 11:19:54,2021-07-14 11:22:26,7c:8b:b5:e5:85:13,-72,1,-22.816713,-47.072683000000005,-22.812558,-47.067391,164,231,617.0,152,2021-07-14 11:19:54,0.712505181056808
94919,2021-07-14 11:28:14,2021-07-14 11:29:59,1c:bf:ce:10:59:ac,-90,5,-22.814706,-47.062826,-22.818203,-47.063364,33,385,617.0,105,2021-07-14 11:28:14,0.39273951650765215
94995,2021-07-14 11:32:55,2021-07-14 11:35:25,b2:80:78:51:32:c6,-85,6,-22.824721,-47.065159,-22.830973999999998,-47.063928000000004,245,460,617.0,150,2021-07-14 11:32:55,0.7066557519454365
95001,2021-07-14 11:33:04,2021-07-14 11:35:14,68:7d:6b:55:69:1b,-70,6,-22.82487,-47.065504,-22.830147,-47.06474,81,466,617.0,130,2021-07-14 11:33:04,0.5919775023965879
95014,2021-07-14 11:33:50,2021-07-14 11:35:14,50:92:b9:26:60:00,-92,1,-22.825384,-47.066503999999995,-22.830147,-47.06474,114,479,617.0,84,2021-07-14 11:33:50,0.5596273840706784
95582,2021-07-14 12:01:31,2021-07-14 12:03:04,1c:cc:d6:0f:2c:f3,-95,1,-22.819615,-47.072033000000005,-22.816659,-47.072662,218,203,617.0,93,2021-07-14 12:01:31,0.334955218736218
95750,2021-07-14 12:09:02,2021-07-14 12:17:57,68:c4:4d:76:e6:cb,-91,7,-22.82074,-47.066565000000004,-22.828643,-47.066256,112,371,617.0,535,2021-07-14 12:09:02,0.8793451658027497
97594,2021-07-14 13:34:21,2021-07-14 13:36:37,48:90:2f:db:fe:44,-51,11,-22.823477,-47.062216,-22.828217000000002,-47.066594,46,498,617.0,136,2021-07-14 13:34:21,0.6921841909616625
97626,2021-07-14 13:35:16,2021-07-14 13:38:58,50:92:b9:79:f4:38,-91,1,-22.825,-47.065677,-22.829826,-47.060231,34,530,617.0,222,2021-07-14 13:35:16,0.7742661138156697
97629,2021-07-14 13:35:19,2021-07-14 13:38:45,50:92:b9:84:1a:8c,-89,1,-22.825045000000003,-47.065795,-22.829667999999998,-47.060891,90,533,617.0,206,2021-07-14 13:35:19,0.7189233324357107
98879,2021-07-14 14:19:36,2021-07-14 14:20:37,c6:3b:b7:47:fd:30,-85,1,-22.824855,-47.065412,-22.826644,-47.067661,48,513,617.0,61,2021-07-14 14:19:36,0.3044663765814897
99719,2021-07-14 15:15:09,2021-07-14 15:30:07,02:00:00:06:10:00,-94,1,-22.813423,-47.068135,-22.825475,-47.066562,222,260,617.0,898,2021-07-14 15:15:09,1.3497858386860135
99723,2021-07-14 15:15:16,2021-07-14 15:21:45,aa:49:21:67:fc:e5,-87,1,-22.813187,-47.068034999999995,-22.818206,-47.063782,75,264,617.0,389,2021-07-14 15:15:16,0.7081527673793396
99756,2021-07-14 15:17:41,2021-07-14 15:30:08,8a:25:c6:af:8d:22,-63,1,-22.81554,-47.065568,-22.825536,-47.066559000000005,40,297,617.0,747,2021-07-14 15:17:41,1.116137022403809
99765,2021-07-14 15:18:36,2021-07-14 15:19:42,38:9a:f6:9e:21:55,-66,11,-22.816944,-47.066183,-22.819879999999998,-47.067724,30,306,617.0,66,2021-07-14 15:18:36,0.3626669728796058
99908,2021-07-14 15:26:22,2021-07-14 15:27:48,7c:8b:b5:6c:c6:41,-70,11,-22.818268,-47.059619,-22.820994,-47.060575,104,449,617.0,86,2021-07-14 15:26:22,0.3185606883639706
99919,2021-07-14 15:26:56,2021-07-14 15:29:29,c6:5c:22:fa:02:90,-94,11,-22.819052,-47.05989,-22.824873,-47.065527,158,460,617.0,153,2021-07-14 15:26:56,0.8676023486980181
100354,2021-07-14 15:51:39,2021-07-14 15:59:51,c8:c7:50:45:fd:73,-93,11,-22.814276,-47.064428,-22.818297,-47.063565000000004,172,324,617.0,492,2021-07-14 15:51:39,0.45578072597530417
100361,2021-07-14 15:52:06,2021-07-14 15:59:37,a8:96:75:4c:66:9b,-86,11,-22.814829,-47.064083000000004,-22.81804,-47.064044,65,331,617.0,451,2021-07-14 15:52:06,0.35706977742236923
100383,2021-07-14 15:53:49,2021-07-14 15:57:01,50:92:b9:f2:ba:66,-53,1,-22.818739,-47.066582000000004,-22.815793,-47.063674,127,353,617.0,192,2021-07-14 15:53:49,0.4428813035218336
100472,2021-07-14 15:59:22,2021-07-14 16:03:53,c0:8c:71:bd:78:ec,-92,1,-22.818035000000002,-47.06312,-22.824901,-47.065529999999995,202,442,617.0,271,2021-07-14 15:59:22,0.8024272442630422
101238,2021-07-14 16:43:20,2021-07-14 16:46:24,68:7d:6b:65:86:4d,-90,1,-22.825699,-47.066396999999995,-22.821787,-47.069567,88,68,617.0,184,2021-07-14 16:43:20,0.5429308719254343
101258,2021-07-14 16:44:13,2021-07-14 16:46:10,62:ab:85:f0:39:57,-94,1,-22.825067,-47.065991,-22.822351,-47.069399,234,88,617.0,117,2021-07-14 16:44:13,0.46174163945069313
101467,2021-07-14 16:54:24,2021-07-14 17:06:19,f0:d7:aa:05:66:18,-86,6,-22.819097,-47.066817,-22.830493,-47.064391,226,297,617.0,715,2021-07-14 16:54:24,1.291341454136209
101519,2021-07-14 16:57:03,2021-07-14 17:04:06,50:92:b9:d5:07:1a,-89,6,-22.818689000000003,-47.064296999999996,-22.824888,-47.065542,252,349,617.0,423,2021-07-14 16:57:03,0.7010092744816145
101564,2021-07-14 17:00:08,2021-07-14 17:04:32,2e:b9:85:66:07:20,-53,6,-22.818013,-47.063028,-22.825145000000003,-47.066054,147,394,617.0,264,2021-07-14 17:00:08,0.8515292264651474
104448,2021-07-15 08:16:40,2021-07-15 08:18:13,70:fd:46:8e:54:94,-88,1,-22.825343,-47.06645,-22.829853,-47.065043,55,428,617.0,93,2021-07-15 08:16:40,0.5218093413657375
104986,2021-07-15 08:45:27,2021-07-15 08:47:52,da:a1:19:25:3a:b3,-78,4,-22.82614,-47.067665999999996,-22.829879000000002,-47.06196,72,449,617.0,145,2021-07-15 08:45:27,0.717513633111761
104987,2021-07-15 08:45:28,2021-07-15 08:47:58,f8:c3:9e:8b:c2:d4,-87,11,-22.8262,-47.067684,-22.829662,-47.061797999999996,200,450,617.0,150,2021-07-15 08:45:28,0.7155970278081184
105859,2021-07-15 09:11:28,2021-07-15 09:13:02,82:1c:ba:d7:af:52,-84,1,-22.817964,-47.072568,-22.813802,-47.069214,49,177,617.0,94,2021-07-15 09:11:28,0.5765016183594598
105977,2021-07-15 09:16:32,2021-07-15 09:26:02,aa:49:21:67:fc:e5,-93,9,-22.819886,-47.067775,-22.825218,-47.066289000000005,141,295,617.0,570,2021-07-15 09:16:32,0.612140759826591
106000,2021-07-15 09:18:01,2021-07-15 09:20:58,0a:36:b3:f8:13:c4,-63,2,-22.8205,-47.066181,-22.815627,-47.062596,179,318,617.0,177,2021-07-15 09:18:01,0.6546875202019157
106853,2021-07-15 11:14:10,2021-07-15 11:24:27,58:d9:c3:4a:55:30,-93,1,-22.826334,-47.067364000000005,-22.820597,-47.068154,160,70,617.0,617,2021-07-15 11:14:10,0.6430438144757622
106924,2021-07-15 11:16:23,2021-07-15 11:25:04,c0:8c:71:c5:25:1d,-72,8,-22.823798,-47.068218,-22.8208,-47.066679,66,141,617.0,521,2021-07-15 11:16:23,0.36879553294355305
107002,2021-07-15 11:18:57,2021-07-15 11:20:32,7c:8b:b5:e5:85:13,-89,1,-22.817218,-47.072686,-22.813761,-47.070443,73,219,617.0,95,2021-07-15 11:18:57,0.44790258588666443
107147,2021-07-15 11:27:47,2021-07-15 11:29:36,1c:bf:ce:10:59:ac,-84,13,-22.813907999999998,-47.063237,-22.817992999999998,-47.063811,49,364,617.0,109,2021-07-15 11:27:47,0.45802600055474985
107218,2021-07-15 11:33:16,2021-07-15 11:34:46,8c:45:00:84:38:7c,-95,11,-22.823731,-47.062779,-22.8256,-47.066625,32,435,617.0,90,2021-07-15 11:33:16,0.44560071515288846
107325,2021-07-15 11:56:35,2021-07-15 12:06:00,00:0a:f5:61:1e:58,-58,1,-22.827338,-47.061176,-22.81258,-47.067699,37,3,617.0,565,2021-07-15 11:56:35,1.771976229835941
107437,2021-07-15 12:00:09,2021-07-15 12:07:52,ae:7d:35:ce:ae:e2,-80,6,-22.825309,-47.065641,-22.816477,-47.066196999999995,103,115,617.0,463,2021-07-15 12:00:09,0.9837268370226393
107722,2021-07-15 12:10:02,2021-07-15 12:21:16,48:90:2f:db:fe:44,-89,1,-22.820273,-47.065862,-22.829864999999998,-47.060148999999996,90,400,617.0,674,2021-07-15 12:10:02,1.21672711597414
107724,2021-07-15 12:10:09,2021-07-15 12:17:45,a0:4f:85:d4:dd:04,-82,1,-22.820017,-47.065505,-22.825001999999998,-47.065762,210,402,617.0,456,2021-07-15 12:10:09,0.5549329372059615
107882,2021-07-15 12:18:19,2021-07-15 12:19:47,8c:45:00:c2:f2:db,-90,11,-22.825705,-47.066938,-22.831377,-47.063434,37,560,617.0,88,2021-07-15 12:18:19,0.7257679880500278
107884,2021-07-15 12:18:23,2021-07-15 12:20:00,30:4b:07:10:66:e3,-88,11,-22.825827,-47.067264,-22.831737,-47.062731,134,562,617.0,97,2021-07-15 12:18:23,0.8047876981275949
108539,2021-07-15 12:30:04,2021-07-15 12:34:32,96:3b:db:a2:04:8c,-92,6,-22.828585,-47.06072,-22.825379,-47.065841,245,55,617.0,268,2021-07-15 12:30:04,0.6344567438654265
108586,2021-07-15 12:31:53,2021-07-15 12:38:31,50:3d:c6:04:84:f6,-63,11,-22.829499,-47.064451,-22.817960999999997,-47.072584,66,102,617.0,398,2021-07-15 12:31:53,1.5299673863660626
109087,2021-07-15 12:44:47,2021-07-15 12:49:42,68:c4:4d:76:e6:cb,-89,13,-22.820163,-47.065785999999996,-22.818070000000002,-47.06085,82,603,617.0,295,2021-07-15 12:44:47,0.5568666888078545
109232,2021-07-15 12:52:51,2021-07-15 12:54:22,cc:88:26:4a:c4:d8,-84,3,-22.825027,-47.065711,-22.828751,-47.066156,41,748,617.0,91,2021-07-15 12:52:51,0.41659437499571134
109261,2021-07-15 12:53:12,2021-07-15 12:54:47,a8:16:d0:19:b6:99,-90,1,-22.825329999999997,-47.06633,-22.829144,-47.065713,98,777,617.0,95,2021-07-15 12:53:12,0.42878628392899604
109268,2021-07-15 12:53:26,2021-07-15 12:54:42,3a:b3:3b:e2:6e:1a,-87,11,-22.82573,-47.066933,-22.828915,-47.065936,59,784,617.0,76,2021-07-15 12:53:26,0.36860165313510196
109981,2021-07-15 13:12:12,2021-07-15 13:16:37,8c:e5:c0:82:08:e8,-94,11,-22.829442999999998,-47.060263,-22.825338000000002,-47.06649,93,26,617.0,265,2021-07-15 13:12:12,0.7846185770171222
110226,2021-07-15 13:16:44,2021-07-15 13:19:16,04:c8:07:92:42:0c,-97,11,-22.825366,-47.066596999999994,-22.819105,-47.072322,59,271,617.0,152,2021-07-15 13:16:44,0.9104751611840984
110238,2021-07-15 13:17:00,2021-07-15 13:20:28,d4:c9:4b:88:f7:99,-89,1,-22.824978,-47.067166,-22.816526,-47.072671,219,283,617.0,208,2021-07-15 13:17:00,1.0961750028521449
110356,2021-07-15 13:19:54,2021-07-15 13:22:37,82:62:7e:93:4f:f1,-88,1,-22.817477,-47.072657,-22.81263,-47.066878,195,401,617.0,163,2021-07-15 13:19:54,0.8008271794896517
110623,2021-07-15 13:33:35,2021-07-15 13:35:42,a8:16:d0:47:e3:95,-81,6,-22.825004999999997,-47.065728,-22.831376000000002,-47.063402,156,668,617.0,127,2021-07-15 13:33:35,0.7474556292976885
111252,2021-07-15 13:56:47,2021-07-15 14:10:35,a0:4f:85:d4:dd:04,-52,1,-22.827624,-47.06102,-22.819622,-47.065075,164,6,617.0,828,2021-07-15 13:56:47,0.9820544120722365
111258,2021-07-15 13:57:01,2021-07-15 14:10:16,48:90:2f:db:fe:44,-49,6,-22.828423,-47.060758,-22.819882,-47.065338,213,12,617.0,795,2021-07-15 13:57:01,1.0593849456123987
111652,2021-07-15 14:11:25,2021-07-15 14:12:33,ec:9b:f3:23:1c:f2,-74,2,-22.818285999999997,-47.063804,-22.813692,-47.064588,32,406,617.0,68,2021-07-15 14:11:25,0.5171117319358577
112302,2021-07-15 14:38:29,2021-07-15 14:44:02,68:7d:6b:32:0f:03,-86,6,-22.828235,-47.066487,-22.818954,-47.072406,32,53,617.0,333,2021-07-15 14:38:29,1.1970920068166486
112699,2021-07-15 14:44:45,2021-07-15 14:58:16,d0:9c:7a:ac:8b:59,-90,6,-22.817259,-47.072702,-22.825460999999997,-47.066542,63,275,617.0,811,2021-07-15 14:44:45,1.109223543989153
113113,2021-07-15 15:10:15,2021-07-15 15:11:30,f0:d7:aa:a3:33:73,-79,6,-22.825368,-47.066590999999995,-22.822031,-47.06944,166,94,617.0,75,2021-07-15 15:10:15,0.4721679326944358
113282,2021-07-15 15:18:14,2021-07-15 15:32:49,38:9a:f6:9e:21:55,-62,11,-22.818077,-47.066272,-22.829705999999998,-47.061448999999996,61,262,617.0,875,2021-07-15 15:18:14,1.3843449077618273
114461,2021-07-15 16:00:53,2021-07-15 16:03:32,5e:ce:83:41:a9:5a,-83,11,-22.81813,-47.061499,-22.824912,-47.065492,43,482,617.0,159,2021-07-15 16:00:53,0.8580125490434711
114507,2021-07-15 16:03:39,2021-07-15 16:05:41,44:46:87:7a:25:af,-90,1,-22.824907999999997,-47.065497,-22.830339000000002,-47.064559,160,528,617.0,122,2021-07-15 16:03:39,0.6115039669193659
115237,2021-07-15 16:47:11,2021-07-15 16:48:19,60:1d:91:7d:06:b6,-93,11,-22.82534,-47.066618,-22.822347,-47.069424,116,95,617.0,68,2021-07-15 16:47:11,0.439846082801469
115448,2021-07-15 16:56:15,2021-07-15 17:07:29,f0:d7:aa:05:66:18,-63,1,-22.820001,-47.067895,-22.8318,-47.062155,186,306,617.0,674,2021-07-15 16:56:15,1.43784168800734
115562,2021-07-15 17:04:57,2021-07-15 17:07:25,98:39:8e:81:90:23,-92,11,-22.825160999999998,-47.066078000000005,-22.831862,-47.062185,37,420,617.0,148,2021-07-15 17:04:57,0.8452112833230723
118326,2021-07-16 07:20:27,2021-07-16 07:22:44,48:51:69:59:68:cc,-41,1,-22.816613,-47.072688,-22.812556,-47.067617,61,215,617.0,137,2021-07-16 07:20:27,0.6882250355307412
118474,2021-07-16 07:34:46,2021-07-16 07:36:03,2e:42:f1:80:c9:97,-93,6,-22.826539999999998,-47.067675,-22.831331,-47.063525,167,363,617.0,77,2021-07-16 07:34:46,0.6816874188488876
118949,2021-07-16 07:51:41,2021-07-16 07:53:39,d0:77:14:6f:e8:3f,-93,10,-22.829044,-47.060511,-22.828823,-47.065940999999995,63,6,617.0,118,2021-07-16 07:51:41,0.5570351862001314
119204,2021-07-16 08:03:48,2021-07-16 08:12:00,88:b4:a6:a1:85:9f,-94,1,-22.820076,-47.068108,-22.823819,-47.062962,136,261,617.0,492,2021-07-16 08:03:48,0.6718562789347858
119399,2021-07-16 08:14:50,2021-07-16 08:15:51,ca:ea:34:c5:13:fd,-93,11,-22.82882,-47.06604,-22.831909,-47.062263,48,456,617.0,61,2021-07-16 08:14:50,0.5175051155776068
119435,2021-07-16 08:20:11,2021-07-16 08:22:12,1e:8b:3b:4a:bb:63,-92,6,-22.827685,-47.061023,-22.829313,-47.065220000000004,50,2,617.0,121,2021-07-16 08:20:11,0.46667163764075265
119503,2021-07-16 08:22:32,2021-07-16 08:24:04,e0:62:67:34:83:4a,-93,11,-22.828557999999997,-47.06621,-22.824835,-47.065359,154,69,617.0,92,2021-07-16 08:22:32,0.4230667662444512
119711,2021-07-16 08:25:47,2021-07-16 08:40:11,36:21:93:df:88:23,-93,9,-22.821773,-47.069922,-22.817612,-47.062636,35,166,617.0,864,2021-07-16 08:25:47,0.8784754158912061
119872,2021-07-16 08:30:03,2021-07-16 08:33:16,10:94:bb:43:16:51,-55,6,-22.812565,-47.06735,-22.819357999999998,-47.066998999999996,31,244,617.0,193,2021-07-16 08:30:03,0.7562044156056251
122127,2021-07-16 11:14:37,2021-07-16 11:17:30,70:fd:46:aa:6e:54,-59,6,-22.825249,-47.065628000000004,-22.82039,-47.071323,39,83,617.0,173,2021-07-16 11:14:37,0.7953617064578998
122237,2021-07-16 11:18:34,2021-07-16 11:30:53,c6:5c:22:fa:02:90,-88,6,-22.817207999999997,-47.072691,-22.820789,-47.060516,117,193,617.0,739,2021-07-16 11:18:34,1.3098360955350703
122266,2021-07-16 11:20:06,2021-07-16 11:29:39,98:39:8e:c5:b6:5f,-58,2,-22.81387,-47.070825,-22.818075,-47.060404999999996,119,222,617.0,573,2021-07-16 11:20:06,1.165863615440242
123052,2021-07-16 12:18:41,2021-07-16 12:21:11,cc:88:26:63:f2:28,-67,1,-22.82505,-47.065834,-22.831392,-47.063344,41,448,617.0,150,2021-07-16 12:18:41,0.7499514442420826
123622,2021-07-16 12:35:15,2021-07-16 12:40:07,a8:16:d0:0a:0e:79,-87,6,-22.829667999999998,-47.060624,-22.825301,-47.066621000000005,52,20,617.0,292,2021-07-16 12:35:15,0.783287941172641
124046,2021-07-16 12:50:11,2021-07-16 13:00:12,68:c4:4d:76:e6:cb,-90,6,-22.820025,-47.065627,-22.828805,-47.066099,230,444,617.0,601,2021-07-16 12:50:11,0.9774905263037114
124953,2021-07-16 13:12:31,2021-07-16 13:13:44,3c:05:18:e5:17:09,-90,6,-22.829309,-47.065263,-22.825978,-47.066984000000005,62,61,617.0,73,2021-07-16 13:12:31,0.4102421262779789
124981,2021-07-16 13:12:47,2021-07-16 13:14:11,08:8c:2c:b8:86:a3,-83,12,-22.828714,-47.066047,-22.825469000000002,-47.065973,38,90,617.0,84,2021-07-16 13:12:47,0.36090772768583634
124988,2021-07-16 13:12:53,2021-07-16 13:14:50,84:37:d5:27:84:e3,-91,6,-22.828568,-47.066187,-22.825019,-47.065839000000004,50,97,617.0,117,2021-07-16 13:12:53,0.39623970992378604
125157,2021-07-16 13:15:40,2021-07-16 13:19:55,d4:c9:4b:88:f7:99,-86,1,-22.82487,-47.067226,-22.816551999999998,-47.07269,226,265,617.0,255,2021-07-16 13:15:40,1.0812450121695378
125285,2021-07-16 13:18:52,2021-07-16 13:22:31,82:62:7e:93:4f:f1,-91,1,-22.817692,-47.072623,-22.812566,-47.067372,169,393,617.0,219,2021-07-16 13:18:52,0.783929907591116
126444,2021-07-16 13:56:13,2021-07-16 14:10:39,a0:4f:85:d4:dd:04,-53,6,-22.828959,-47.060559999999995,-22.820946,-47.068056,201,86,617.0,866,2021-07-16 13:56:13,1.1764772267864056
126672,2021-07-16 14:04:12,2021-07-16 14:06:51,82:62:7e:93:4f:f1,-92,1,-22.817128,-47.072695,-22.812606,-47.066998,139,312,617.0,159,2021-07-16 14:04:12,0.770578214230655
126708,2021-07-16 14:05:37,2021-07-16 14:06:42,70:bb:e9:e7:d7:7d,-94,6,-22.813883999999998,-47.070806,-22.812562,-47.06745,51,348,617.0,65,2021-07-16 14:05:37,0.3740728139937541
126872,2021-07-16 14:12:33,2021-07-16 14:13:33,5e:17:4b:31:1f:d4,-91,6,-22.818051,-47.063776000000004,-22.813628,-47.064601,46,512,617.0,60,2021-07-16 14:12:33,0.4990319644955677
128653,2021-07-16 15:16:25,2021-07-16 15:29:17,8a:25:c6:af:8d:22,-87,1,-22.815297,-47.06495,-22.8257,-47.066842,189,314,617.0,772,2021-07-16 15:16:25,1.1729031080231598
128829,2021-07-16 15:27:07,2021-07-16 15:29:01,50:92:b9:08:82:12,-58,11,-22.823644,-47.062591999999995,-22.825260999999998,-47.066296,54,490,617.0,114,2021-07-16 15:27:07,0.4200447404350816
133037,2021-07-19 07:15:42,2021-07-19 07:18:38,12:f1:b6:d2:dc:61,-94,11,-22.825357,-47.065853999999995,-22.818348999999998,-47.072145,196,85,617.0,176,2021-07-19 07:15:42,1.0114156333914321
133060,2021-07-19 07:16:11,2021-07-19 07:18:48,70:fd:46:01:92:78,-78,6,-22.825007,-47.065826,-22.817894,-47.072579,41,108,617.0,157,2021-07-19 07:16:11,1.0509990966521556
133295,2021-07-19 07:33:00,2021-07-19 07:34:24,38:80:df:02:5e:ca,-93,1,-22.824799,-47.065329,-22.828542000000002,-47.066309000000004,48,343,617.0,84,2021-07-19 07:33:00,0.4281502675731332
137163,2021-07-19 11:09:44,2021-07-19 11:11:42,e0:10:7f:6d:d3:48,-87,6,-22.827605,-47.061043,-22.829499,-47.064729,51,0,617.0,118,2021-07-19 11:09:44,0.4325004914005743
137449,2021-07-19 11:20:19,2021-07-19 11:27:55,c8:d7:b0:fb:c0:f2,-88,6,-22.813958,-47.068538000000004,-22.815260000000002,-47.062678999999996,110,286,617.0,456,2021-07-19 11:20:19,0.6177271451417781
137476,2021-07-19 11:21:20,2021-07-19 11:27:23,e0:10:7f:6d:f3:c8,-83,1,-22.812569,-47.067157,-22.813139000000003,-47.063904,84,313,617.0,363,2021-07-19 11:21:20,0.3393933580574442
137541,2021-07-19 11:24:39,2021-07-19 11:27:41,c6:5c:22:fa:02:90,-65,1,-22.820801,-47.068123,-22.814063,-47.063148,45,378,617.0,182,2021-07-19 11:24:39,0.9062851118791246
137608,2021-07-19 11:28:00,2021-07-19 11:30:57,90:73:5a:5e:da:70,-92,1,-22.815521,-47.062626,-22.818123,-47.059703999999996,136,445,617.0,177,2021-07-19 11:28:00,0.4164184738788157
138440,2021-07-19 12:06:01,2021-07-19 12:08:53,f0:b5:d1:5d:08:6e,-93,11,-22.825008999999998,-47.065776,-22.821824,-47.069541,35,114,617.0,172,2021-07-19 12:06:01,0.5237588012049678
138517,2021-07-19 12:08:05,2021-07-19 12:11:04,5a:c5:8a:56:a0:59,-42,1,-22.823382000000002,-47.068562,-22.816619,-47.072671,41,191,617.0,179,2021-07-19 12:08:05,0.8619047163332987
138526,2021-07-19 12:08:24,2021-07-19 12:09:44,24:46:c8:2c:73:75,-90,1,-22.822492999999998,-47.069272999999995,-22.819316,-47.072165999999996,45,200,617.0,80,2021-07-19 12:08:24,0.46120857979256175
138595,2021-07-19 12:10:17,2021-07-19 12:16:39,d8:9a:34:1d:ae:f9,-60,11,-22.81853,-47.072159,-22.817633999999998,-47.066198,222,269,617.0,382,2021-07-19 12:10:17,0.6190312398425306
138695,2021-07-19 12:15:53,2021-07-19 12:26:25,04:d4:c4:a0:15:e5,-62,1,-22.815751000000002,-47.066303999999995,-22.825909,-47.067478,158,368,617.0,632,2021-07-19 12:15:53,1.135910447863374
138769,2021-07-19 12:18:40,2021-07-19 12:27:34,68:c4:4d:76:e6:cb,-85,8,-22.820053,-47.065596,-22.828785,-47.066159000000006,159,442,617.0,534,2021-07-19 12:18:40,0.9726684230667286
138913,2021-07-19 12:27:03,2021-07-19 12:30:11,38:30:f9:6b:a4:13,-80,2,-22.828564,-47.066278999999994,-22.829815,-47.060031,35,602,617.0,188,2021-07-19 12:27:03,0.6552598038023819
138933,2021-07-19 12:27:30,2021-07-19 12:30:00,38:d4:0b:92:dd:97,-72,6,-22.828737,-47.066204,-22.829695,-47.060556,201,621,617.0,150,2021-07-19 12:27:30,0.5885538380625829
139646,2021-07-19 13:11:30,2021-07-19 13:15:11,d4:9c:dd:52:bd:96,-90,10,-22.827794,-47.060941,-22.826815,-47.067582,40,7,617.0,221,2021-07-19 13:11:30,0.6892610061370867
139759,2021-07-19 13:14:25,2021-07-19 13:16:27,8c:e5:c0:9b:8a:0a,-66,3,-22.827913,-47.06678,-22.824839,-47.06547,172,120,617.0,122,2021-07-19 13:14:25,0.3672352402229299
139838,2021-07-19 13:16:01,2021-07-19 13:18:03,06:33:04:67:26:62,-54,11,-22.82539,-47.065939,-22.822938,-47.068868,37,199,617.0,122,2021-07-19 13:16:01,0.40552616500045136
139855,2021-07-19 13:16:26,2021-07-19 13:17:58,04:c8:07:92:42:0c,-61,6,-22.824821,-47.065427,-22.823291,-47.068605,82,216,617.0,92,2021-07-19 13:16:26,0.3674639981185429
139896,2021-07-19 13:17:20,2021-07-19 13:19:52,d4:c9:4b:88:f7:99,-84,1,-22.82449,-47.067563,-22.817775,-47.072625,224,257,617.0,152,2021-07-19 13:17:20,0.9092224208200401
139901,2021-07-19 13:17:35,2021-07-19 13:20:26,04:d4:c4:a0:15:e5,-68,1,-22.824233,-47.067777,-22.816585,-47.072663,47,262,617.0,171,2021-07-19 13:17:35,0.9869078880417166
140015,2021-07-19 13:22:37,2021-07-19 13:29:12,e0:10:7f:2d:f3:c8,-89,1,-22.812544,-47.067562,-22.813174,-47.063819,30,376,617.0,395,2021-07-19 13:22:37,0.38998948043459997
140021,2021-07-19 13:23:50,2021-07-19 13:35:47,cc:61:e5:79:f0:aa,-55,9,-22.814296,-47.064434000000006,-22.82526,-47.066284,167,382,617.0,717,2021-07-19 13:23:50,1.233799487947872
140206,2021-07-19 13:35:16,2021-07-19 13:37:29,56:c6:00:5b:65:ba,-85,13,-22.824883,-47.065523,-22.828925,-47.065944,234,567,617.0,133,2021-07-19 13:35:16,0.45151678710271365
140879,2021-07-19 13:58:06,2021-07-19 13:59:21,e0:10:7f:6d:d3:48,-84,6,-22.828826,-47.060621000000005,-22.829549,-47.063559999999995,56,10,617.0,75,2021-07-19 13:58:06,0.31174691376845565
141957,2021-07-19 14:41:17,2021-07-19 14:46:56,dc:bf:e9:09:79:f6,-76,6,-22.825707,-47.066443,-22.816136,-47.072697999999995,45,110,617.0,339,2021-07-19 14:41:17,1.2424203806878098
142537,2021-07-19 15:11:27,2021-07-19 15:15:52,98:39:8e:b0:b4:c7,-85,1,-22.821749,-47.070048,-22.812725,-47.067816,173,150,617.0,265,2021-07-19 15:11:27,1.0291716901381256
142657,2021-07-19 15:17:41,2021-07-19 15:29:22,8a:25:c6:af:8d:22,-53,1,-22.815594,-47.065717,-22.825789,-47.066967,146,270,617.0,701,2021-07-19 15:17:41,1.1408500550843697
142994,2021-07-19 15:46:33,2021-07-19 15:57:07,38:80:df:6e:81:b1,-93,11,-22.825664,-47.066338,-22.821114,-47.067972999999995,128,83,617.0,634,2021-07-19 15:46:33,0.5329657018294011
143222,2021-07-19 15:56:43,2021-07-19 16:05:29,c6:13:60:d9:c4:c0,-74,1,-22.82002,-47.067951,-22.824687,-47.065058,129,311,617.0,526,2021-07-19 15:56:43,0.5976792760583814
143317,2021-07-19 16:01:18,2021-07-19 16:05:37,50:92:b9:d5:07:1a,-56,11,-22.816488,-47.062508,-22.824876,-47.065490000000004,225,406,617.0,259,2021-07-19 16:01:18,0.981501962970137
143322,2021-07-19 16:02:00,2021-07-19 16:05:35,c0:8c:71:bd:78:ec,-92,5,-22.818029,-47.063615000000006,-22.824859,-47.065458,122,411,617.0,215,2021-07-19 16:02:00,0.782599879683364
143330,2021-07-19 16:02:38,2021-07-19 16:05:01,1a:41:2a:5d:88:c1,-92,1,-22.818147,-47.062348,-22.823594,-47.062449,42,419,617.0,143,2021-07-19 16:02:38,0.6057680543223509
143334,2021-07-19 16:02:59,2021-07-19 16:06:03,f4:f5:24:24:4f:0f,-68,13,-22.818093,-47.061374,-22.824934,-47.065567,205,423,617.0,184,2021-07-19 16:02:59,0.8736825013688178
144471,2021-07-19 16:56:26,2021-07-19 17:03:44,2e:b9:85:66:07:20,-93,6,-22.818051,-47.063733,-22.825581,-47.066558,47,301,617.0,438,2021-07-19 16:56:26,0.885945822901154
147074,2021-07-20 06:57:27,2021-07-20 07:03:15,98:39:8e:0a:c9:d9,-90,5,-22.818611999999998,-47.072259,-22.820773000000003,-47.068108,205,172,617.0,348,2021-07-20 06:57:27,0.4886131061378445
147086,2021-07-20 06:58:20,2021-07-20 07:10:11,30:cb:f8:19:ef:65,-56,6,-22.816446,-47.072659,-22.823753,-47.062843,240,184,617.0,711,2021-07-20 06:58:20,1.2931784603302547
148871,2021-07-20 08:37:57,2021-07-20 08:41:48,58:b6:33:bb:0b:c8,-70,1,-22.820322,-47.065978,-22.818003,-47.063784000000005,31,368,617.0,231,2021-07-20 08:37:57,0.3421375354135615
149893,2021-07-20 09:12:45,2021-07-20 09:25:53,0e:81:2f:0d:0d:54,-93,1,-22.82018,-47.068267999999996,-22.829677,-47.061833,206,275,617.0,788,2021-07-20 09:12:45,1.2450423405304398
149963,2021-07-20 09:18:59,2021-07-20 09:23:14,3e:ce:db:fb:ac:37,-92,6,-22.818167000000003,-47.062984,-22.826418,-47.067665000000005,173,345,617.0,255,2021-07-20 09:18:59,1.035334376200228
150130,2021-07-20 09:54:56,2021-07-20 09:59:19,ee:40:97:0c:aa:ea,-51,2,-22.829413,-47.065014,-22.821635,-47.070122,50,34,617.0,263,2021-07-20 09:54:56,1.0109736486788063
150276,2021-07-20 10:00:49,2021-07-20 10:15:36,50:92:b9:8a:4a:1c,-80,1,-22.816969,-47.072694,-22.831192,-47.063719,191,180,617.0,887,2021-07-20 10:00:49,1.8295696777135562
150479,2021-07-20 10:14:02,2021-07-20 10:15:53,00:08:22:10:f4:fb,-91,11,-22.826569,-47.067646999999994,-22.831761,-47.062656,43,383,617.0,111,2021-07-20 10:14:02,0.7713218547807343
150634,2021-07-20 10:33:03,2021-07-20 10:35:01,58:d9:c3:d2:29:24,-96,2,-22.824921,-47.067156,-22.821173,-47.070584000000004,52,102,617.0,118,2021-07-20 10:33:03,0.5450901894973698
150653,2021-07-20 10:33:42,2021-07-20 10:36:45,d4:c9:4b:88:f7:99,-58,1,-22.824246,-47.067791,-22.816719,-47.072686,216,121,617.0,183,2021-07-20 10:33:42,0.9758117146944804
150661,2021-07-20 10:33:52,2021-07-20 10:35:46,98:39:8e:74:67:37,-93,1,-22.823992,-47.06807,-22.818419,-47.072139,138,129,617.0,114,2021-07-20 10:33:52,0.7469496647570893
150665,2021-07-20 10:34:02,2021-07-20 10:37:28,3e:87:87:ff:e8:93,-66,12,-22.823667,-47.068376,-22.814283,-47.071622,54,133,617.0,206,2021-07-20 10:34:02,1.0952079091245202
151832,2021-07-20 11:21:03,2021-07-20 11:27:57,c6:5c:22:fa:02:90,-55,6,-22.815053,-47.07241,-22.813157,-47.064049,109,229,617.0,414,2021-07-20 11:21:03,0.8825214047167071
151843,2021-07-20 11:21:55,2021-07-20 11:33:08,c8:d7:b0:fb:c0:f2,-92,11,-22.813938,-47.068609,-22.822074,-47.061087,101,240,617.0,673,2021-07-20 11:21:55,1.1886211871097445
152727,2021-07-20 11:59:19,2021-07-20 12:06:24,9c:5c:f9:e3:53:a7,-78,4,-22.82799,-47.066753999999996,-22.812611999999998,-47.067478,158,48,617.0,425,2021-07-20 11:59:19,1.711567225308308
152759,2021-07-20 12:00:03,2021-07-20 12:02:10,e0:10:7f:ad:dd:68,-89,1,-22.827053,-47.067562,-22.823979,-47.068119,38,80,617.0,127,2021-07-20 12:00:03,0.3465477525273006
153059,2021-07-20 12:10:42,2021-07-20 12:15:40,68:c4:4d:76:e6:cb,-89,1,-22.820256,-47.065807,-22.818089,-47.060219000000004,172,380,617.0,298,2021-07-20 12:10:42,0.621351176520245
153328,2021-07-20 12:33:50,2021-07-20 12:36:02,38:80:df:06:39:d0,-92,1,-22.829507,-47.063916,-22.825045000000003,-47.065248,51,59,617.0,132,2021-07-20 12:33:50,0.5145897835673937
153693,2021-07-20 12:45:08,2021-07-20 12:47:04,04:d9:f5:41:2a:8f,-71,2,-22.816886,-47.066171000000004,-22.821279999999998,-47.067811999999996,130,424,617.0,116,2021-07-20 12:45:08,0.5167292990553289
153873,2021-07-20 12:56:01,2021-07-20 12:58:23,98:39:8e:4f:f0:eb,-91,11,-22.825091,-47.065841999999996,-22.831882,-47.062457,54,604,617.0,142,2021-07-20 12:56:01,0.8310013228361283
154928,2021-07-20 13:17:19,2021-07-20 13:18:54,ae:1c:e2:91:0a:0d,-94,1,-22.825316,-47.066477,-22.822483,-47.069303999999995,101,195,617.0,95,2021-07-20 13:17:19,0.4279970804010898
155297,2021-07-20 13:35:25,2021-07-20 13:36:37,d6:55:28:c6:bd:1b,-90,11,-22.82487,-47.065437,-22.827863,-47.06697,49,564,617.0,72,2021-07-20 13:35:25,0.36802810105470707
155356,2021-07-20 13:36:04,2021-07-20 13:37:30,a8:9c:ed:7b:03:45,-92,6,-22.825798000000002,-47.0671,-22.830903,-47.064068,133,623,617.0,86,2021-07-20 13:36:04,0.6471352709787269
156161,2021-07-20 14:05:09,2021-07-20 14:06:54,82:24:47:1b:b0:a2,-79,11,-22.815982,-47.072669,-22.812576,-47.067352,117,220,617.0,105,2021-07-20 14:05:09,0.6636488854841271
157743,2021-07-20 15:16:44,2021-07-20 15:30:01,8a:25:c6:af:8d:22,-96,1,-22.815157,-47.064612,-22.825708,-47.066765000000004,167,301,617.0,797,2021-07-20 15:16:44,1.193790593097575
157760,2021-07-20 15:17:53,2021-07-20 15:31:34,38:9a:f6:9e:21:55,-86,11,-22.816789,-47.066171000000004,-22.831444,-47.063321,123,318,617.0,821,2021-07-20 15:17:53,1.6555350723246223
157875,2021-07-20 15:25:17,2021-07-20 15:27:08,c6:5c:22:fa:02:90,-95,11,-22.818147,-47.059651,-22.821624,-47.060779,233,433,617.0,111,2021-07-20 15:25:17,0.40354049830158023
158495,2021-07-20 16:03:19,2021-07-20 16:07:01,1a:41:2a:5d:88:c1,-61,1,-22.818161,-47.061825,-22.824889000000002,-47.065519,128,490,617.0,222,2021-07-20 16:03:19,0.8384640938780954
159184,2021-07-20 16:45:48,2021-07-20 16:53:26,22:cd:28:85:f6:62,-91,1,-22.829575,-47.062845,-22.814270999999998,-47.071663,180,10,617.0,458,2021-07-20 16:45:48,1.926826957979353
159204,2021-07-20 16:46:59,2021-07-20 16:53:29,38:78:62:3e:1c:08,-92,9,-22.829136,-47.06568,-22.814208999999998,-47.071559,143,30,617.0,390,2021-07-20 16:46:59,1.7657919188138018
159219,2021-07-20 16:47:17,2021-07-20 16:57:48,02:00:00:00:00:00,-93,12,-22.828415,-47.066357,-22.818944000000002,-47.066705,33,45,617.0,631,2021-07-20 16:47:17,1.0537323806547887
159359,2021-07-20 16:51:13,2021-07-20 16:52:17,30:cb:f8:06:6d:01,-95,2,-22.821001000000003,-47.070754,-22.818039000000002,-47.072524,39,185,617.0,64,2021-07-20 16:51:13,0.37601564310051233
159464,2021-07-20 16:57:27,2021-07-20 17:03:36,dc:bf:e9:cf:4d:b4,-61,4,-22.817577,-47.066169,-22.818168,-47.062465,187,290,617.0,369,2021-07-20 16:57:27,0.38528070910167633
159626,2021-07-20 17:06:56,2021-07-20 17:08:52,da:4e:6c:be:cc:39,-90,6,-22.825589,-47.066606,-22.83191,-47.062238,46,452,617.0,116,2021-07-20 17:06:56,0.8333141841910946
164575,2021-07-21 08:22:31,2021-07-21 08:27:55,90:73:5a:60:81:3e,-95,1,-22.829570999999998,-47.062568,-22.823076999999998,-47.068731,203,31,617.0,324,2021-07-21 08:22:31,0.9593651723548287
165194,2021-07-21 09:02:21,2021-07-21 09:03:44,56:44:e5:6b:8c:bd,-94,11,-22.829448,-47.064974,-22.825899,-47.066829,54,108,617.0,83,2021-07-21 09:02:21,0.4380367145765718
175958,2021-07-22 08:08:40,2021-07-22 08:10:27,d0:77:14:6c:52:51,-91,2,-22.813229999999997,-47.063721,-22.818013,-47.063946,44,310,617.0,107,2021-07-22 08:08:40,0.5323458150295305
176025,2021-07-22 08:14:07,2021-07-22 08:17:28,ca:ea:34:c5:13:fd,-93,1,-22.824854000000002,-47.065368,-22.830132,-47.062034000000004,32,377,617.0,201,2021-07-22 08:14:07,0.6791081735572051
176211,2021-07-22 08:23:35,2021-07-22 08:28:27,02:00:00:06:10:00,-94,6,-22.825816,-47.066660999999996,-22.817207999999997,-47.072682,97,88,617.0,292,2021-07-22 08:23:35,1.1388483081452219
176222,2021-07-22 08:23:54,2021-07-22 08:30:12,98:39:8e:e1:c3:53,-92,6,-22.82554,-47.066129,-22.812957,-47.067947,37,99,617.0,378,2021-07-22 08:23:54,1.4115202400837605
176286,2021-07-22 08:25:43,2021-07-22 08:27:06,e0:62:67:34:83:4a,-97,1,-22.823663,-47.068345,-22.82135,-47.070395,79,163,617.0,83,2021-07-22 08:25:43,0.3321031778797544
176340,2021-07-22 08:28:45,2021-07-22 08:30:23,30:cb:f8:6d:e7:cf,-45,6,-22.81599,-47.072655,-22.812738,-47.067838,68,217,617.0,98,2021-07-22 08:28:45,0.6119812611807145
176428,2021-07-22 08:34:15,2021-07-22 08:39:01,58:b6:33:bb:0b:c8,-91,1,-22.821291,-47.0676,-22.818392000000003,-47.063994,41,305,617.0,286,2021-07-22 08:34:15,0.4904137258937152
176452,2021-07-22 08:35:27,2021-07-22 08:36:51,08:aa:55:29:c6:e6,-90,1,-22.818506,-47.064113,-22.813163,-47.064145,86,329,617.0,84,2021-07-22 08:35:27,0.5941243668232857
176586,2021-07-22 08:43:32,2021-07-22 08:44:34,82:1f:67:b1:ed:1f,-93,11,-22.826979,-47.067609000000004,-22.830409,-47.064541,73,463,617.0,62,2021-07-22 08:43:32,0.49429529363670915
176614,2021-07-22 08:44:07,2021-07-22 08:45:23,82:ab:ba:dc:fc:c4,-94,1,-22.828689999999998,-47.066181,-22.831857,-47.062222,97,491,617.0,76,2021-07-22 08:44:07,0.5372455576746109
177490,2021-07-22 09:10:30,2021-07-22 09:14:37,0c:cb:85:92:a9:b8,-94,4,-22.822594,-47.069214,-22.812929999999998,-47.067903,237,151,617.0,247,2021-07-22 09:10:30,1.0829575310346589
178636,2021-07-22 09:54:18,2021-07-22 10:07:36,d4:9c:dd:52:bd:96,-78,13,-22.812583,-47.067726,-22.831638,-47.062201,50,205,617.0,798,2021-07-22 09:54:18,2.193183777356475
179011,2021-07-22 10:29:28,2021-07-22 10:33:13,d4:c9:4b:88:f7:99,-94,11,-22.824992,-47.06709,-22.816117000000002,-47.072708,110,102,617.0,225,2021-07-22 10:29:28,1.1425523372024313
179036,2021-07-22 10:29:58,2021-07-22 10:44:56,a8:9f:ba:1c:b1:f8,-91,4,-22.824223999999997,-47.067796,-22.823636999999998,-47.062559,34,127,617.0,898,2021-07-22 10:29:58,0.540687245513292
179176,2021-07-22 10:35:56,2021-07-22 10:47:05,24:11:45:47:da:48,-92,11,-22.81561,-47.066129,-22.828736,-47.066145,231,267,617.0,669,2021-07-22 10:35:56,1.4595475443466404
179328,2021-07-22 10:45:34,2021-07-22 10:47:23,ca:77:99:62:61:9e,-91,11,-22.824965,-47.065666,-22.829525,-47.065332,64,419,617.0,109,2021-07-22 10:45:34,0.5082036802843707
180012,2021-07-22 11:18:32,2021-07-22 11:21:01,f0:b5:d1:5d:08:6e,-93,11,-22.825834,-47.066739,-22.822246,-47.069484,50,60,617.0,149,2021-07-22 11:18:32,0.4881829651320651
180033,2021-07-22 11:19:06,2021-07-22 11:31:57,dc:bf:e9:40:a7:15,-78,10,-22.824891,-47.065259000000005,-22.816457999999997,-47.062525,224,81,617.0,771,2021-07-22 11:19:06,0.9786799825263097
180142,2021-07-22 11:22:50,2021-07-22 11:32:04,30:fc:eb:89:46:e4,-89,1,-22.816833,-47.072654,-22.816666,-47.062506,95,190,617.0,554,2021-07-22 11:22:50,1.0402753323081182
180143,2021-07-22 11:22:56,2021-07-22 11:35:05,48:2c:a0:9b:d1:ea,-84,1,-22.816546,-47.072633,-22.819754,-47.060126000000004,119,191,617.0,729,2021-07-22 11:22:56,1.33058660028604
180152,2021-07-22 11:23:25,2021-07-22 11:26:09,7c:8b:b5:e5:85:13,-49,1,-22.816414,-47.072639,-22.815282,-47.065041,82,200,617.0,164,2021-07-22 11:23:25,0.7888619589649623
180615,2021-07-22 12:00:16,2021-07-22 12:02:27,70:fd:46:60:9d:fc,-85,6,-22.825422,-47.065934999999996,-22.822985,-47.068844,165,144,617.0,131,2021-07-22 12:00:16,0.4028873861835067
180626,2021-07-22 12:00:29,2021-07-22 12:13:29,f0:b5:d1:5d:08:6e,-93,11,-22.825072,-47.065247,-22.813391,-47.063584000000006,56,157,617.0,780,2021-07-22 12:00:29,1.3100053076257019
180737,2021-07-22 12:04:03,2021-07-22 12:07:53,d8:9a:34:1d:ae:f9,-64,4,-22.818502,-47.072171999999995,-22.815144,-47.064796,159,266,617.0,230,2021-07-22 12:04:03,0.8431796093655645
189343,2021-07-23 06:49:49,2021-07-23 06:59:29,58:d9:c3:ce:d4:f7,-94,1,-22.826280999999998,-47.067391,-22.818005,-47.066263,166,67,617.0,580,2021-07-23 06:49:49,0.9274838682882663
189449,2021-07-23 06:53:56,2021-07-23 06:56:12,a8:16:d0:61:0b:2b,-54,1,-22.820535,-47.071174,-22.813802,-47.069502,234,175,617.0,136,2021-07-23 06:53:56,0.7680390459692271
190171,2021-07-23 07:57:30,2021-07-23 08:03:34,a8:96:75:13:ee:32,-88,1,-22.829558,-47.063512,-22.817791,-47.072596999999995,45,36,617.0,364,2021-07-23 07:57:30,1.605915135234675
190200,2021-07-23 07:58:02,2021-07-23 07:59:22,18:01:f1:80:72:e2,-90,11,-22.829458,-47.064966,-22.82629,-47.067359,93,65,617.0,80,2021-07-23 07:58:02,0.4292295782381532
190246,2021-07-23 07:59:00,2021-07-23 08:06:05,a8:16:d0:2c:c5:01,-87,1,-22.827610999999997,-47.067165,-22.812644,-47.066836,34,111,617.0,425,2021-07-23 07:59:00,1.6645983302800718
191847,2021-07-23 09:09:04,2021-07-23 09:10:07,ca:e1:07:29:74:de,-87,7,-22.82518,-47.066132,-22.822685999999997,-47.069097,68,138,617.0,63,2021-07-23 09:09:04,0.4113988461374155
192917,2021-07-23 09:55:57,2021-07-23 10:07:14,3c:dc:bc:b6:be:a7,-59,6,-22.813809,-47.070130999999996,-22.819838,-47.060179999999995,32,254,617.0,677,2021-07-23 09:55:57,1.2205170019897411
192920,2021-07-23 09:56:24,2021-07-23 10:07:28,c8:d7:b0:fb:c0:f2,-95,6,-22.813375,-47.06811,-22.820224,-47.060296,76,257,617.0,664,2021-07-23 09:56:24,1.1051780485374423
193327,2021-07-23 10:33:16,2021-07-23 10:37:04,d4:c9:4b:88:f7:99,-86,1,-22.824847000000002,-47.067243,-22.816548,-47.072681,209,136,617.0,228,2021-07-23 10:33:16,1.078058268926725
193334,2021-07-23 10:33:23,2021-07-23 10:35:06,a6:32:25:b7:d0:36,-85,1,-22.824524,-47.067531,-22.821412,-47.070352,151,143,617.0,103,2021-07-23 10:33:23,0.45092668109361006
193443,2021-07-23 10:39:06,2021-07-23 10:45:04,aa:49:21:67:fc:e5,-91,1,-22.812679,-47.06671,-22.813775,-47.063356,38,252,617.0,358,2021-07-23 10:39:06,0.3647365612020931
194345,2021-07-23 11:18:12,2021-07-23 11:22:02,a2:72:96:48:5f:de,-59,1,-22.824303,-47.067696000000005,-22.815488000000002,-47.072556,179,131,617.0,230,2021-07-23 11:18:12,1.0994885370011278
194385,2021-07-23 11:19:54,2021-07-23 11:25:11,d8:9a:34:1d:ae:f9,-90,1,-22.819816,-47.071852,-22.815631,-47.065787,123,171,617.0,317,2021-07-23 11:19:54,0.776508709690703
194416,2021-07-23 11:20:55,2021-07-23 11:28:29,d8:bb:2c:e9:49:ac,-90,1,-22.817341,-47.072635999999996,-22.818694,-47.064369,167,202,617.0,454,2021-07-23 11:20:55,0.8605632920045412
194420,2021-07-23 11:21:04,2021-07-23 11:30:37,c6:5c:22:fa:02:90,-88,1,-22.816987,-47.072678,-22.815617,-47.062611,82,206,617.0,573,2021-07-23 11:21:04,1.0429959165648228
194758,2021-07-23 11:38:29,2021-07-23 11:39:33,68:c4:4d:23:6d:98,-92,7,-22.829045,-47.065825,-22.831870000000002,-47.062227,48,544,617.0,64,2021-07-23 11:38:29,0.48439836547033793
195311,2021-07-23 12:00:24,2021-07-23 12:01:46,de:db:e4:8e:ac:9c,-92,11,-22.829487,-47.0643,-22.826176,-47.067236,67,33,617.0,82,2021-07-23 12:00:24,0.4754855379562529
195541,2021-07-23 12:06:33,2021-07-23 12:20:34,a8:16:d0:df:1d:75,-67,1,-22.816648999999998,-47.072663,-22.824187,-47.063867,194,263,617.0,841,2021-07-23 12:06:33,1.2309696553683636
195659,2021-07-23 12:12:43,2021-07-23 12:23:03,a0:4f:85:d4:dd:04,-91,1,-22.820524,-47.066182,-22.831417000000002,-47.063311,57,381,617.0,620,2021-07-23 12:12:43,1.2464747082858254
195674,2021-07-23 12:13:26,2021-07-23 12:22:57,48:90:2f:db:fe:44,-52,4,-22.819469,-47.064876,-22.831207,-47.063682,140,396,617.0,571,2021-07-23 12:13:26,1.3109317279375454
195880,2021-07-23 12:33:35,2021-07-23 12:34:36,f8:cf:c5:9b:71:e8,-84,6,-22.829670999999998,-47.060778000000006,-22.82949,-47.064283,89,26,617.0,61,2021-07-23 12:33:35,0.35977117083822346
195907,2021-07-23 12:34:47,2021-07-23 12:36:59,ae:0e:b3:c9:e5:f4,-89,3,-22.829441,-47.064925,-22.825198999999998,-47.065403,31,53,617.0,132,2021-07-23 12:34:47,0.47422660357547075
195943,2021-07-23 12:35:42,2021-07-23 12:37:28,e0:dc:ff:32:9d:6b,-97,11,-22.82786,-47.066854,-22.825115,-47.066125,139,89,617.0,106,2021-07-23 12:35:42,0.31424140416323054
198434,2021-07-23 14:00:39,2021-07-23 14:06:35,06:c1:34:b3:c7:76,-77,11,-22.827915,-47.066789,-22.815291000000002,-47.072506,149,64,617.0,356,2021-07-23 14:00:39,1.5211086320603384
198508,2021-07-23 14:03:37,2021-07-23 14:12:32,58:d9:c3:44:ef:41,-95,6,-22.823656,-47.068331,-22.820871,-47.066736999999996,33,138,617.0,535,2021-07-23 14:03:37,0.350128610752431
199288,2021-07-23 14:41:18,2021-07-23 14:45:38,dc:bf:e9:09:79:f6,-45,1,-22.825656,-47.066344,-22.816798000000002,-47.072646999999996,73,95,617.0,260,2021-07-23 14:41:18,1.177910192550784
199334,2021-07-23 14:43:05,2021-07-23 14:50:10,68:7d:6b:52:05:25,-54,11,-22.824278,-47.067712,-22.819513,-47.067267,51,141,617.0,425,2021-07-23 14:43:05,0.5318038700078433
200192,2021-07-23 15:25:08,2021-07-23 15:26:49,7c:8b:b5:6c:c6:41,-86,11,-22.81804,-47.059834,-22.82079,-47.060462,175,387,617.0,101,2021-07-23 15:25:08,0.31248715012734324
200271,2021-07-23 15:29:32,2021-07-23 15:30:35,36:7d:44:c9:77:20,-88,11,-22.826831,-47.067648999999996,-22.831248000000002,-47.063631,117,466,617.0,63,2021-07-23 15:29:32,0.6409313529460305
200598,2021-07-23 15:52:28,2021-07-23 15:57:45,bc:98:df:ed:2e:f5,-91,1,-22.817166,-47.0727,-22.821001000000003,-47.068024,39,273,617.0,317,2021-07-23 15:52:28,0.6415056983057813
200625,2021-07-23 15:53:25,2021-07-23 15:57:46,48:51:69:59:68:cc,-89,1,-22.813893,-47.070863,-22.82105,-47.068003000000004,60,300,617.0,261,2021-07-23 15:53:25,0.8480923159999243
200668,2021-07-23 15:55:18,2021-07-23 16:02:24,a8:96:75:4c:66:9b,-78,11,-22.81469,-47.064167,-22.818316,-47.063637,177,343,617.0,426,2021-07-23 15:55:18,0.40683628127178517
200696,2021-07-23 15:56:42,2021-07-23 15:59:50,50:92:b9:f2:ba:66,-61,11,-22.817464,-47.066156,-22.816010000000002,-47.063644000000004,121,372,617.0,188,2021-07-23 15:56:42,0.3040196085458982
206083,2021-07-26 09:04:05,2021-07-26 09:06:21,70:3a:51:1e:2a:e4,-94,11,-22.828794,-47.065998,-22.825283,-47.06681,61,50,617.0,136,2021-07-26 09:04:05,0.39917686432025606
206275,2021-07-26 09:13:12,2021-07-26 09:23:53,ce:d2:ca:c0:32:21,-89,6,-22.815303,-47.064968,-22.823726,-47.062874,148,242,617.0,641,2021-07-26 09:13:12,0.9608711304407772
206426,2021-07-26 09:21:29,2021-07-26 09:22:41,70:fd:46:d3:39:b0,-84,11,-22.818076,-47.059823,-22.820787,-47.060501,118,393,617.0,72,2021-07-26 09:21:29,0.3093554967638659
207137,2021-07-26 10:30:57,2021-07-26 10:34:07,d6:d4:31:bc:dc:66,-91,11,-22.828292,-47.066468,-22.823016,-47.068789,147,98,617.0,190,2021-07-26 10:30:57,0.633055867120244
207211,2021-07-26 10:33:28,2021-07-26 10:36:45,d4:c9:4b:88:f7:99,-65,11,-22.824244,-47.067753,-22.816526,-47.072686,209,172,617.0,197,2021-07-26 10:33:28,0.9960594080109942
207290,2021-07-26 10:37:05,2021-07-26 10:51:05,4c:f2:02:a4:45:36,-46,3,-22.815562,-47.072603,-22.827999,-47.066796000000004,190,251,617.0,840,2021-07-26 10:37:05,1.5055632865125292
207535,2021-07-26 10:49:41,2021-07-26 10:52:25,a8:96:75:18:ec:cf,-91,6,-22.825108,-47.066055,-22.831695,-47.062855,78,496,617.0,164,2021-07-26 10:49:41,0.8025112864882593
208426,2021-07-26 11:25:07,2021-07-26 11:32:38,c6:5c:22:fa:02:90,-85,1,-22.819884,-47.067678,-22.818710999999997,-47.059792,138,282,617.0,451,2021-07-26 11:25:07,0.8187095041909376
208958,2021-07-26 12:10:44,2021-07-26 12:19:09,a8:16:d0:33:9e:59,-92,1,-22.821002,-47.06798,-22.825665,-47.066695,34,331,617.0,505,2021-07-26 12:10:44,0.534966819026683
209855,2021-07-26 12:36:08,2021-07-26 12:38:52,e8:5a:8b:28:84:9c,-92,6,-22.828644,-47.066117,-22.825146,-47.066098,71,59,617.0,164,2021-07-26 12:36:08,0.38896526483822735
209889,2021-07-26 12:36:41,2021-07-26 12:38:40,50:92:b9:72:14:42,-92,11,-22.827872,-47.066818,-22.824897,-47.065567,98,93,617.0,119,2021-07-26 12:36:41,0.35478196642894694
210003,2021-07-26 12:38:59,2021-07-26 12:43:53,ae:09:a2:10:ab:e5,-53,1,-22.825282,-47.066399,-22.814054000000002,-47.071371,59,207,617.0,294,2021-07-26 12:38:59,1.3484915979919139
210178,2021-07-26 12:46:26,2021-07-26 12:53:22,3e:92:b4:f8:2b:a6,-92,11,-22.815579999999997,-47.065715000000004,-22.818403,-47.063924,35,382,617.0,416,2021-07-26 12:46:26,0.3636374620687743
211884,2021-07-26 14:00:52,2021-07-26 14:01:54,56:f4:9c:d3:1d:a2,-87,6,-22.825306,-47.066484,-22.822722,-47.069036,85,101,617.0,62,2021-07-26 14:00:52,0.3885437911388125
212267,2021-07-26 14:37:49,2021-07-26 14:42:31,68:7d:6b:32:0f:03,-94,1,-22.829559,-47.063176,-22.821181,-47.070595000000004,55,25,617.0,282,2021-07-26 14:37:49,1.2024992209222471
212308,2021-07-26 14:38:56,2021-07-26 14:45:38,30:4b:07:9c:b5:81,-88,7,-22.828651999999998,-47.066154,-22.812935999999997,-47.067924,62,66,617.0,402,2021-07-26 14:38:56,1.7569325192912482
212435,2021-07-26 14:42:31,2021-07-26 14:49:51,e0:cc:f8:de:c1:b0,-93,1,-22.821181,-47.070595000000004,-22.820262,-47.065914,168,193,617.0,440,2021-07-26 14:42:31,0.49052289661549303
213527,2021-07-26 15:15:44,2021-07-26 15:27:59,8a:25:c6:af:8d:22,-59,11,-22.815531,-47.065644,-22.824914,-47.065493,240,270,617.0,735,2021-07-26 15:15:44,1.0434582129749155
213694,2021-07-26 15:25:10,2021-07-26 15:29:21,c6:5c:22:fa:02:90,-91,11,-22.819224,-47.059958,-22.827324,-47.067496999999996,225,438,617.0,251,2021-07-26 15:25:10,1.186691554437389
213750,2021-07-26 15:28:52,2021-07-26 15:30:44,24:92:0e:90:b6:50,-91,6,-22.825816,-47.06713,-22.830826000000002,-47.0641,103,493,617.0,112,2021-07-26 15:28:52,0.6377895816165072
214120,2021-07-26 15:53:40,2021-07-26 15:54:42,d4:c9:4b:28:b1:51,-71,1,-22.817806,-47.066205,-22.820964,-47.068025,60,297,617.0,62,2021-07-26 15:53:40,0.3976238034521024
214121,2021-07-26 15:53:48,2021-07-26 15:56:55,50:92:b9:f2:ba:66,-58,11,-22.818301,-47.066367,-22.816825,-47.063619,161,298,617.0,187,2021-07-26 15:53:48,0.3259823486483783
214231,2021-07-26 15:59:19,2021-07-26 16:03:05,50:92:b9:d5:07:1a,-68,11,-22.816135,-47.062519,-22.823041,-47.06196,48,408,617.0,226,2021-07-26 15:59:19,0.7700475342529216
214249,2021-07-26 16:00:24,2021-07-26 16:04:26,2e:b9:85:66:07:20,-57,6,-22.818063000000002,-47.063161,-22.825131,-47.066026,144,426,617.0,242,2021-07-26 16:00:24,0.838988965483855
215171,2021-07-26 16:42:55,2021-07-26 16:50:27,58:20:59:18:9e:4f,-90,1,-22.829535999999997,-47.063445,-22.812723000000002,-47.067836,143,19,617.0,452,2021-07-26 16:42:55,1.9229271971995323
215572,2021-07-26 17:02:55,2021-07-26 17:04:31,58:d9:c3:8d:f1:32,-94,6,-22.826764999999998,-47.067673,-22.831879999999998,-47.062328,114,420,617.0,96,2021-07-26 17:02:55,0.7896544732155879
218001,2021-07-27 07:12:48,2021-07-27 07:14:27,68:c4:4d:5e:20:6d,-93,3,-22.828023,-47.066732,-22.825021,-47.065806,48,61,617.0,99,2021-07-27 07:12:48,0.34703609629236476
218346,2021-07-27 07:33:37,2021-07-27 07:34:41,92:49:71:53:c3:3d,-96,1,-22.825984,-47.067557,-22.830211,-47.0647,66,407,617.0,64,2021-07-27 07:33:37,0.5537623888375137
218850,2021-07-27 07:51:58,2021-07-27 07:56:14,68:7d:6b:40:b8:df,-94,1,-22.82955,-47.060311,-22.824901999999998,-47.06565,74,11,617.0,256,2021-07-27 07:51:58,0.7526733011238848
218935,2021-07-27 07:54:59,2021-07-27 08:01:18,a8:9c:ed:26:a4:d5,-94,11,-22.826095000000002,-47.067194,-22.813422,-47.068121999999995,202,96,617.0,379,2021-07-27 07:54:59,1.4123814122823812
219035,2021-07-27 07:59:00,2021-07-27 08:12:38,2e:ae:07:fd:47:ce,-80,1,-22.818320999999997,-47.072176,-22.825008,-47.065683,55,196,617.0,818,2021-07-27 07:59:00,0.9978646147102221
219133,2021-07-27 08:05:04,2021-07-27 08:06:06,4c:ed:fb:b9:60:c8,-92,1,-22.820856,-47.06675,-22.818499,-47.064097,68,294,617.0,62,2021-07-27 08:05:04,0.3776572619793199
219490,2021-07-27 08:26:36,2021-07-27 08:38:24,6a:bc:68:b4:c4:84,-89,1,-22.825028,-47.067099,-22.814485,-47.064182,187,139,617.0,708,2021-07-27 08:26:36,1.2098508916461754
219693,2021-07-27 08:37:27,2021-07-27 08:42:34,68:7d:6b:52:05:25,-56,2,-22.818606,-47.064186,-22.820937,-47.060553000000006,33,342,617.0,307,2021-07-27 08:37:27,0.4536836904593495
220406,2021-07-27 09:00:49,2021-07-27 09:01:56,42:97:08:54:e5:0c,-84,11,-22.82949,-47.064603000000005,-22.826621,-47.067553000000004,34,22,617.0,67,2021-07-27 09:00:49,0.4395199186786919
220639,2021-07-27 09:10:04,2021-07-27 09:13:25,0a:36:b3:f8:13:c4,-86,6,-22.820493,-47.06825,-22.814724,-47.062866,174,255,617.0,201,2021-07-27 09:10:04,0.8461752162288682
220745,2021-07-27 09:18:44,2021-07-27 09:20:12,f0:d7:aa:4a:d9:b0,-81,11,-22.827205,-47.067514,-22.831870000000002,-47.062228000000005,193,361,617.0,88,2021-07-27 09:18:44,0.7500332869306428
221393,2021-07-27 09:51:59,2021-07-27 09:56:31,e2:26:22:3a:be:e9,-40,6,-22.828188,-47.066562,-22.818564000000002,-47.072156,251,78,617.0,272,2021-07-27 09:51:59,1.2140440263488488
221398,2021-07-27 09:52:13,2021-07-27 09:53:27,0c:f4:d5:15:60:78,-90,11,-22.827568,-47.067170000000004,-22.824898,-47.065579,43,83,617.0,74,2021-07-27 09:52:13,0.33872062658592833
221519,2021-07-27 09:57:45,2021-07-27 10:09:56,3c:dc:bc:b6:be:a7,-44,2,-22.815413,-47.072540000000004,-22.823943,-47.063184,61,204,617.0,731,2021-07-27 09:57:45,1.3487610480457335
221545,2021-07-27 09:59:15,2021-07-27 10:09:09,c8:d7:b0:fb:c0:f2,-35,1,-22.812728,-47.067801,-22.821391000000002,-47.060722,123,230,617.0,594,2021-07-27 09:59:15,1.2059611398628243
221975,2021-07-27 10:34:50,2021-07-27 10:36:11,50:92:b9:02:a0:5c,-69,1,-22.824337,-47.067665000000005,-22.82193,-47.069458000000004,109,155,617.0,81,2021-07-27 10:34:50,0.3246592014412441
221986,2021-07-27 10:35:12,2021-07-27 10:36:38,12:3a:19:e5:92:f2,-90,13,-22.82424,-47.067756,-22.820897,-47.070809000000004,115,166,617.0,86,2021-07-27 10:35:12,0.48588743013725594
223221,2021-07-27 11:20:35,2021-07-27 11:23:46,58:d9:c3:98:e3:12,-45,6,-22.81263,-47.067729,-22.821246,-47.067883,71,250,617.0,191,2021-07-27 11:20:35,0.9581868242949001
223224,2021-07-27 11:20:41,2021-07-27 11:26:11,1e:63:27:76:3b:07,-84,1,-22.812587,-47.067439,-22.813727,-47.064584,61,253,617.0,330,2021-07-27 11:20:41,0.31890434148214464
223268,2021-07-27 11:23:01,2021-07-27 11:30:42,c6:5c:22:fa:02:90,-93,1,-22.819833,-47.067655,-22.820551000000002,-47.060392,60,297,617.0,461,2021-07-27 11:23:01,0.7486646019658837
223401,2021-07-27 11:31:54,2021-07-27 11:35:21,b2:80:78:51:32:c6,-87,6,-22.82461,-47.064847,-22.829707,-47.061873999999996,178,430,617.0,207,2021-07-27 11:31:54,0.6434712979197741
224261,2021-07-27 12:01:50,2021-07-27 12:03:50,04:d3:95:2f:82:ce,-90,1,-22.825603,-47.066187,-22.822848,-47.068976,32,96,617.0,120,2021-07-27 12:01:50,0.41898724847266783
224326,2021-07-27 12:03:29,2021-07-27 12:07:06,a8:16:d0:fd:8c:39,-51,7,-22.824008,-47.068034000000004,-22.814360999999998,-47.071740999999996,46,161,617.0,217,2021-07-27 12:03:29,1.1379966519577778
224548,2021-07-27 12:12:26,2021-07-27 12:23:38,a0:4f:85:d4:dd:04,-65,1,-22.819975,-47.065438,-22.829838,-47.060061,162,380,617.0,672,2021-07-27 12:12:26,1.2273853202768805
224753,2021-07-27 12:32:25,2021-07-27 12:37:31,14:94:48:0b:02:95,-90,11,-22.828896,-47.060579,-22.82522,-47.065447,82,9,617.0,306,2021-07-27 12:32:25,0.6449678706346174
224760,2021-07-27 12:32:38,2021-07-27 12:34:41,0c:f4:d5:95:70:f8,-91,1,-22.829417000000003,-47.060306,-22.829228,-47.065540000000006,57,16,617.0,123,2021-07-27 12:32:38,0.5368158333445154
224761,2021-07-27 12:32:40,2021-07-27 12:35:43,32:7d:7c:73:3c:f6,-92,6,-22.829489000000002,-47.06028,-22.827898,-47.066844,126,17,617.0,183,2021-07-27 12:32:40,0.695585318818681
224795,2021-07-27 12:34:00,2021-07-27 12:35:17,92:ef:b6:f9:a7:c3,-90,6,-22.829534,-47.063901,-22.828118,-47.066639,73,51,617.0,77,2021-07-27 12:34:00,0.3217603186546584
224814,2021-07-27 12:34:46,2021-07-27 12:37:21,be:54:91:20:73:33,-94,11,-22.829009,-47.065767,-22.825433,-47.065921,30,70,617.0,155,2021-07-27 12:34:46,0.39794671038811574
224817,2021-07-27 12:34:49,2021-07-27 12:38:21,80:58:f8:45:ec:cb,-86,11,-22.828929000000002,-47.065851,-22.825295,-47.066399,164,73,617.0,212,2021-07-27 12:34:49,0.4079671919628905
224940,2021-07-27 12:36:31,2021-07-27 12:45:47,8a:25:c6:af:8d:22,-88,1,-22.825814,-47.066608,-22.814951,-47.064176,119,196,617.0,556,2021-07-27 12:36:31,1.233361975295768
225061,2021-07-27 12:39:01,2021-07-27 12:41:06,58:d9:c3:4b:c2:b3,-92,12,-22.825187,-47.066943,-22.819323,-47.072183,45,317,617.0,125,2021-07-27 12:39:01,0.844740258341217
226467,2021-07-27 13:22:36,2021-07-27 13:24:27,d4:9c:dd:52:bd:96,-75,9,-22.814418,-47.071771000000005,-22.812569,-47.067313,42,385,617.0,111,2021-07-27 13:22:36,0.5010545847983374
226731,2021-07-27 13:36:02,2021-07-27 13:37:26,50:92:b9:84:2f:cc,-81,7,-22.825986999999998,-47.067468,-22.831242,-47.063642,33,649,617.0,84,2021-07-27 13:36:02,0.7036976918472051
226734,2021-07-27 13:36:21,2021-07-27 13:37:30,70:fd:46:cc:c7:8c,-91,11,-22.82742,-47.067349,-22.831394,-47.063379,117,652,617.0,69,2021-07-27 13:36:21,0.6006696636052282
227412,2021-07-27 13:59:09,2021-07-27 14:01:14,f8:1f:32:e3:29:62,-91,11,-22.825708,-47.066327,-22.822761,-47.069039000000004,89,85,617.0,125,2021-07-27 13:59:09,0.429694533247036
229030,2021-07-27 15:08:32,2021-07-27 15:18:59,fa:df:d0:56:73:46,-54,9,-22.829576,-47.062239,-22.813844,-47.064757,51,18,617.0,627,2021-07-27 15:08:32,1.768254621483634
229066,2021-07-27 15:10:05,2021-07-27 15:11:46,ae:7d:35:ce:ae:e2,-93,6,-22.828585,-47.066209,-22.824957,-47.065221,35,54,617.0,101,2021-07-27 15:10:05,0.4159292972691826
229305,2021-07-27 15:18:15,2021-07-27 15:24:27,aa:49:21:67:fc:e5,-82,1,-22.812652,-47.066718,-22.81467,-47.064085999999996,50,293,617.0,372,2021-07-27 15:18:15,0.3508955917325224
229322,2021-07-27 15:19:35,2021-07-27 15:31:16,8a:25:c6:af:8d:22,-89,8,-22.815244,-47.064881,-22.82517,-47.066061,81,310,617.0,701,2021-07-27 15:19:35,1.1103285650442714
229405,2021-07-27 15:22:44,2021-07-27 15:32:24,60:1d:91:a3:02:b1,-54,6,-22.820907000000002,-47.066790999999995,-22.828614,-47.066243,44,393,617.0,580,2021-07-27 15:22:44,0.8588188866362001
229428,2021-07-27 15:24:17,2021-07-27 15:29:41,d6:b8:34:ba:df:6d,-93,11,-22.815542999999998,-47.063731,-22.822494,-47.061762,82,416,617.0,324,2021-07-27 15:24:17,0.7988284706213294
229536,2021-07-27 15:30:37,2021-07-27 15:32:33,a8:16:d0:b1:5b:49,-90,12,-22.824899,-47.065512,-22.828767000000003,-47.066146999999994,65,524,617.0,116,2021-07-27 15:30:37,0.4349982576626925
230332,2021-07-27 15:50:58,2021-07-27 15:52:13,04:d9:f5:6a:4f:57,-94,6,-22.813855,-47.070726,-22.812704,-47.067782,50,257,617.0,75,2021-07-27 15:50:58,0.3277704324925426
231413,2021-07-27 16:46:45,2021-07-27 16:48:03,4e:eb:c7:4f:d6:de,-85,1,-22.825066,-47.065976,-22.822397,-47.069337,46,133,617.0,78,2021-07-27 16:46:45,0.4546803143795423
231481,2021-07-27 16:48:28,2021-07-27 16:52:44,38:78:62:3e:1c:08,-49,1,-22.821766,-47.0699,-22.813415,-47.068143,68,201,617.0,256,2021-07-27 16:48:28,0.9458904492033897
231487,2021-07-27 16:48:45,2021-07-27 16:50:46,04:d9:f5:6a:4f:57,-90,1,-22.821022,-47.070699,-22.817066,-47.072715,80,207,617.0,121,2021-07-27 16:48:45,0.4859988805759037
231654,2021-07-27 16:58:03,2021-07-27 17:06:30,2e:b9:85:66:07:20,-92,6,-22.818141,-47.063755,-22.824947,-47.065637,255,374,617.0,507,2021-07-27 16:58:03,0.7809879158350841
231676,2021-07-27 16:59:58,2021-07-27 17:06:39,50:92:b9:d5:07:1a,-93,6,-22.814552,-47.062922,-22.825117000000002,-47.065996999999996,240,396,617.0,401,2021-07-27 16:59:58,1.2163164974829732
231741,2021-07-27 17:04:55,2021-07-27 17:06:49,88:b4:a6:54:e1:3f,-93,1,-22.823843,-47.062914,-22.825342000000003,-47.066421000000005,58,461,617.0,114,2021-07-27 17:04:55,0.3961940014521841
231830,2021-07-27 17:08:06,2021-07-27 17:09:10,a8:96:75:a2:36:da,-86,6,-22.82858,-47.066324,-22.831903,-47.062311,54,550,617.0,64,2021-07-27 17:08:06,0.5528764942346573
235155,2021-07-28 07:50:40,2021-07-28 07:52:25,ca:ad:da:10:2d:07,-93,9,-22.829642,-47.061231,-22.828642000000002,-47.066159999999996,94,10,617.0,105,2021-07-28 07:50:40,0.5172407669042614
235156,2021-07-28 07:50:40,2021-07-28 07:52:10,5e:62:cf:2a:5d:f2,-93,12,-22.829642,-47.061231,-22.829213,-47.065531,234,11,617.0,90,2021-07-28 07:50:40,0.4432576795408671
235166,2021-07-28 07:51:11,2021-07-28 08:01:06,b6:4c:71:0f:4e:43,-90,6,-22.829584,-47.062753,-22.812754,-47.067833,65,21,617.0,595,2021-07-28 07:51:11,1.9424898352994058
235169,2021-07-28 07:51:16,2021-07-28 07:55:57,40:b0:76:1f:d1:ae,-85,6,-22.829563,-47.063161,-22.823101,-47.068719,116,24,617.0,281,2021-07-28 07:51:16,0.9169364728757238
235859,2021-07-28 08:27:49,2021-07-28 08:29:09,68:7d:6b:45:ae:2b,-42,7,-22.8236,-47.068402,-22.819143,-47.072274,44,189,617.0,80,2021-07-28 08:27:49,0.6349020464211116
237481,2021-07-28 09:57:38,2021-07-28 10:09:34,3c:dc:bc:b6:be:a7,-48,1,-22.814245,-47.071611,-22.823944,-47.063263,30,220,617.0,716,2021-07-28 09:57:38,1.376656211391599
243873,2021-07-29 15:21:12,2021-07-29 15:32:06,8a:25:c6:af:8d:22,-84,11,-22.815435,-47.065519,-22.825570000000003,-47.066586,230,236,617.0,654,2021-07-29 15:21:12,1.132255652284167
244185,2021-07-29 15:48:43,2021-07-29 15:51:22,f4:f5:24:24:b9:6b,-89,6,-22.825646,-47.066403,-22.821781,-47.069588,117,109,617.0,159,2021-07-29 15:48:43,0.5396812611240304
244214,2021-07-29 15:49:11,2021-07-29 15:50:47,32:04:d5:28:d2:93,-87,6,-22.825421,-47.06595,-22.823667999999998,-47.068328,234,138,617.0,96,2021-07-29 15:49:11,0.31207958628295135
244362,2021-07-29 15:54:58,2021-07-29 16:00:28,d6:b8:34:ba:df:6d,-88,3,-22.813791000000002,-47.069275,-22.817365,-47.063705,159,286,617.0,330,2021-07-29 15:54:58,0.6955995768372677
244535,2021-07-29 16:02:52,2021-07-29 16:11:07,68:7d:6b:81:f6:47,-51,12,-22.816678,-47.062512,-22.829639999999998,-47.061363,40,459,617.0,495,2021-07-29 16:02:52,1.4461133347369086
245354,2021-07-29 16:47:16,2021-07-29 16:54:43,38:78:62:3e:1c:08,-91,6,-22.82874,-47.066047999999995,-22.812725,-47.06778,135,62,617.0,447,2021-07-29 16:47:16,1.7896149323546169
245361,2021-07-29 16:47:38,2021-07-29 16:54:18,5c:cd:5b:54:04:a7,-68,3,-22.827937,-47.066759999999995,-22.8139,-47.068372,86,69,617.0,400,2021-07-29 16:47:38,1.5695649999340529
245662,2021-07-29 16:59:35,2021-07-29 17:06:37,50:92:b9:d5:07:1a,-90,11,-22.818007,-47.063784000000005,-22.824903,-47.065557,90,370,617.0,422,2021-07-29 16:59:35,0.7880385621053901
245704,2021-07-29 17:02:11,2021-07-29 17:06:15,2e:b9:85:66:07:20,-70,6,-22.81804,-47.062913,-22.824514,-47.064631,92,412,617.0,244,2021-07-29 17:02:11,0.7410982439910168
245749,2021-07-29 17:06:52,2021-07-29 17:08:49,70:fd:46:83:b9:82,-93,6,-22.825044000000002,-47.065804,-22.831152,-47.063783,130,457,617.0,117,2021-07-29 17:06:52,0.7100597736384552
