,device_id,timestampI,timestampF,MAC,RSSI,channel,latitudeI,longitudeI,latitudeF,longitudeF,cnt_pckg,id,duration,ts_sort,distancias
4852,617.0,2021-06-01 15:54:27,2021-06-01 15:58:32,50:92:b9:d5:07:1a,-42,6,-22.815647,-47.062588,-22.824870999999998,-47.065489,60,369,245,2021-06-01 15:54:27,1.0678900373913238
4922,617.0,2021-06-01 15:58:29,2021-06-01 15:59:31,ba:9d:b1:5f:c5:1e,-90,1,-22.824862,-47.065475,-22.827347,-47.067378999999995,60,437,62,2021-06-01 15:58:29,0.3382756064748678
5733,617.0,2021-06-01 16:54:46,2021-06-01 16:56:54,3e:92:b4:f8:2b:a6,-63,1,-22.817006,-47.066171000000004,-22.821014,-47.067003,250,251,128,2021-06-01 16:54:46,0.45375459828417963
5754,617.0,2021-06-01 16:55:52,2021-06-01 17:03:53,f0:d7:aa:05:66:18,-50,1,-22.819901,-47.067734,-22.831503,-47.063165999999995,88,272,481,2021-06-01 16:55:52,1.372405119110544
5789,617.0,2021-06-01 16:57:58,2021-06-01 17:01:10,78:23:27:42:af:e2,-77,6,-22.818174,-47.063173,-22.824676,-47.065043,32,307,192,2021-06-01 16:57:58,0.7479623322386791
5822,617.0,2021-06-01 16:59:38,2021-06-01 17:00:55,0c:cb:85:c0:d5:bc,-38,1,-22.819795000000003,-47.060171000000004,-22.82415,-47.063796,166,338,77,2021-06-01 16:59:38,0.6103560901495112
8616,617.0,2021-06-02 07:17:08,2021-06-02 07:23:11,62:59:d1:fb:19:82,-54,6,-22.814401999999998,-47.071826,-22.815448999999997,-47.063735,202,412,363,2021-06-02 07:17:08,0.8374225514446679
9692,617.0,2021-06-02 08:21:33,2021-06-02 08:23:28,cc:61:e5:a8:6c:86,-87,1,-22.829467,-47.06494,-22.824929,-47.065232,198,426,115,2021-06-02 08:21:33,0.5054898887265781
9713,617.0,2021-06-02 08:22:09,2021-06-02 08:24:11,f0:d7:aa:05:66:18,-58,8,-22.828271,-47.066476,-22.825232999999997,-47.066845,32,447,122,2021-06-02 08:22:09,0.3399208775021741
9780,617.0,2021-06-02 08:24:57,2021-06-02 08:29:54,58:d9:c3:79:9a:2e,-95,1,-22.822957000000002,-47.068831,-22.813795000000002,-47.064805,177,514,297,2021-06-02 08:24:57,1.0991630858626509
11441,617.0,2021-06-02 11:19:47,2021-06-02 11:28:54,dc:bf:e9:40:a7:15,-75,11,-22.81651,-47.072691,-22.815711999999998,-47.062588,216,210,547,2021-06-02 11:19:47,1.0392971066174646
11443,617.0,2021-06-02 11:19:50,2021-06-02 11:22:01,08:aa:55:25:14:41,-89,6,-22.816502,-47.072696,-22.812778,-47.067803999999995,36,211,131,2021-06-02 11:19:50,0.6502934325001938
11446,617.0,2021-06-02 11:20:01,2021-06-02 11:28:28,30:fc:eb:89:46:e4,-64,1,-22.816482,-47.072699,-22.815479,-47.062629,247,214,507,2021-06-02 11:20:01,1.0381291525360317
11456,617.0,2021-06-02 11:20:25,2021-06-02 11:33:21,30:4b:07:ce:9a:01,-79,1,-22.815431,-47.072567,-22.823812,-47.062989,62,224,776,2021-06-02 11:20:25,1.3535718065406297
11636,617.0,2021-06-02 11:30:08,2021-06-02 11:37:08,a8:96:75:6d:5c:cf,-58,6,-22.818017,-47.063986,-22.831731,-47.062157,147,404,420,2021-06-02 11:30:08,1.5364072130013602
11721,617.0,2021-06-02 11:35:07,2021-06-02 11:37:08,64:a2:00:ca:52:4f,-91,6,-22.826639,-47.067693,-22.831731,-47.062157,37,489,121,2021-06-02 11:35:07,0.8015487741800266
11935,617.0,2021-06-02 11:57:37,2021-06-02 12:02:46,58:d9:c3:41:dc:54,-86,6,-22.825858,-47.066776000000004,-22.816522,-47.072686,133,115,309,2021-06-02 11:57:37,1.2019085882822313
12114,617.0,2021-06-02 12:02:48,2021-06-02 12:13:55,5a:ae:ef:87:15:4d,-52,1,-22.81652,-47.072685,-22.819875,-47.060190000000006,171,295,667,2021-06-02 12:02:48,1.3338802417115587
12218,617.0,2021-06-02 12:08:12,2021-06-02 12:14:03,c6:5c:22:fa:02:90,-80,2,-22.820828,-47.066674,-22.820186,-47.060302,229,399,351,2021-06-02 12:08:12,0.65696410999359
12225,617.0,2021-06-02 12:08:32,2021-06-02 12:12:32,a0:4f:85:d4:dd:04,-86,1,-22.820048999999997,-47.065587,-22.818146,-47.061966999999996,130,406,240,2021-06-02 12:08:32,0.42712259930666224
13128,617.0,2021-06-02 12:34:09,2021-06-02 12:38:36,7c:d6:61:b0:3c:23,-88,6,-22.829224,-47.060411,-22.825311,-47.066558,30,53,267,2021-06-02 12:34:09,0.7656338216156611
13191,617.0,2021-06-02 12:36:17,2021-06-02 12:37:57,98:39:8e:0d:ee:69,-87,6,-22.828515,-47.066297,-22.825173,-47.065377000000005,44,114,100,2021-06-02 12:36:17,0.38338893114948674
13601,617.0,2021-06-02 12:49:25,2021-06-02 12:54:37,98:39:8e:eb:00:17,-87,11,-22.814578,-47.064121,-22.824579,-47.064694,41,524,312,2021-06-02 12:49:25,1.1136116237760958
13740,617.0,2021-06-02 12:56:05,2021-06-02 12:57:09,50:92:b9:11:55:f0,-91,6,-22.827896,-47.066889,-22.83091,-47.064019,153,662,64,2021-06-02 12:56:05,0.4459068694565727
14454,617.0,2021-06-02 13:17:05,2021-06-02 13:20:14,0e:82:72:81:69:22,-93,6,-22.829324,-47.065181,-22.825249,-47.066337,113,47,189,2021-06-02 13:17:05,0.46835218293971403
14471,617.0,2021-06-02 13:17:25,2021-06-02 13:19:03,14:a3:64:2d:53:67,-90,6,-22.828572,-47.066209,-22.825599,-47.066238,135,64,98,2021-06-02 13:17:25,0.33059633358420903
14488,617.0,2021-06-02 13:17:36,2021-06-02 13:20:12,50:92:b9:78:e3:0a,-83,11,-22.828228,-47.066539,-22.825193,-47.066208,162,81,156,2021-06-02 13:17:36,0.33917774826022834
14491,617.0,2021-06-02 13:17:38,2021-06-02 13:20:16,44:1c:7f:01:5e:d2,-86,6,-22.828197,-47.066565000000004,-22.825282,-47.066421000000005,206,84,158,2021-06-02 13:17:38,0.3244694579583546
14504,617.0,2021-06-02 13:17:54,2021-06-02 13:19:40,f4:f5:24:24:fc:79,-89,1,-22.82788,-47.066806,-22.825286,-47.065666,116,97,106,2021-06-02 13:17:54,0.3112041453207301
14529,617.0,2021-06-02 13:18:38,2021-06-02 13:22:44,32:43:ab:c1:7c:55,-68,13,-22.826005,-47.067153999999995,-22.819029999999998,-47.072355,228,121,246,2021-06-02 13:18:38,0.9411027261204685
14689,617.0,2021-06-02 13:20:27,2021-06-02 13:21:56,50:92:b9:28:44:e4,-70,1,-22.825285,-47.066803,-22.821635999999998,-47.070159000000004,43,279,89,2021-06-02 13:20:27,0.5319186614944983
14789,617.0,2021-06-02 13:23:21,2021-06-02 13:25:36,82:62:7e:93:4f:f1,-91,1,-22.817606,-47.072631,-22.812752,-47.067814,247,379,135,2021-06-02 13:23:21,0.7314910919991955
14804,617.0,2021-06-02 13:24:17,2021-06-02 13:33:58,18:31:bf:d3:1e:7c,-77,1,-22.815773999999998,-47.072659,-22.81925,-47.059965000000005,158,394,581,2021-06-02 13:24:17,1.3572508277624724
14993,617.0,2021-06-02 13:35:04,2021-06-02 13:37:59,a8:16:d0:df:1d:75,-91,1,-22.823375,-47.062086,-22.831489,-47.063218,122,577,175,2021-06-02 13:35:04,0.9096651439797969
15019,617.0,2021-06-02 13:35:58,2021-06-02 13:39:28,d0:77:14:69:67:49,-95,1,-22.824948000000003,-47.06563,-22.829667,-47.06082,79,603,210,2021-06-02 13:35:58,0.7199644837413642
15449,617.0,2021-06-02 14:02:15,2021-06-02 14:08:25,fc:aa:b6:ca:d7:a1,-92,6,-22.814325,-47.071715000000005,-22.815532,-47.063708,56,233,370,2021-06-02 14:02:15,0.8315828041545436
15456,617.0,2021-06-02 14:02:33,2021-06-02 14:10:12,02:00:00:00:00:00,-86,1,-22.813831,-47.070456,-22.817554,-47.062595,34,240,459,2021-06-02 14:02:33,0.9058424766632751
15465,617.0,2021-06-02 14:03:07,2021-06-02 14:10:29,c8:d7:b0:fb:c0:f2,-71,6,-22.81296,-47.067886,-22.818047,-47.063590999999995,110,249,442,2021-06-02 14:03:07,0.7167630714149819
15470,617.0,2021-06-02 14:03:24,2021-06-02 14:08:11,90:73:5a:47:f8:4e,-53,4,-22.812752,-47.0678,-22.816504000000002,-47.063559999999995,160,254,287,2021-06-02 14:03:24,0.6024286098731294
16130,617.0,2021-06-02 14:36:32,2021-06-02 14:38:36,d8:ce:3a:47:2d:cf,-93,1,-22.828939000000002,-47.060559999999995,-22.828634,-47.066121,56,14,124,2021-06-02 14:36:32,0.5709271947279025
16161,617.0,2021-06-02 14:38:25,2021-06-02 14:44:15,90:60:f1:49:53:d5,-60,13,-22.829172,-47.065546000000005,-22.816515,-47.072628,193,45,350,2021-06-02 14:38:25,1.583538304810529
16223,617.0,2021-06-02 14:39:44,2021-06-02 14:49:34,70:fd:46:c3:45:38,-91,1,-22.825953,-47.06702,-22.821085999999998,-47.067164,163,107,590,2021-06-02 14:39:44,0.5413876524678485
16474,617.0,2021-06-02 14:50:48,2021-06-02 14:58:59,fe:66:b0:42:f9:ac,-82,1,-22.817583,-47.063819,-22.830076000000002,-47.064802,140,358,491,2021-06-02 14:50:48,1.3928085748081387
16829,617.0,2021-06-02 15:13:28,2021-06-02 15:23:15,8a:25:c6:af:8d:22,-73,1,-22.815514,-47.065596,-22.824804,-47.065348,58,227,587,2021-06-02 15:13:28,1.0333149622540918
16938,617.0,2021-06-02 15:20:41,2021-06-02 15:24:18,c6:5c:22:fa:02:90,-95,11,-22.818098000000003,-47.059962,-22.825706,-47.066938,69,335,217,2021-06-02 15:20:41,1.1076339792228695
16966,617.0,2021-06-02 15:23:04,2021-06-02 15:24:18,8c:f1:12:8d:14:53,-94,1,-22.824385,-47.064303,-22.825706,-47.066938,60,363,74,2021-06-02 15:23:04,0.3074185850698356
16978,617.0,2021-06-02 15:23:04,2021-06-02 15:24:18,8c:f1:12:8d:14:53,-94,1,-22.824385,-47.064303,-22.825706,-47.066938,60,363,74,2021-06-02 15:23:04,0.3074185850698356
17036,617.0,2021-06-02 15:25:40,2021-06-02 15:26:54,a8:16:d0:24:62:6f,-92,1,-22.829002,-47.065841999999996,-22.831533,-47.062255,198,430,74,2021-06-02 15:25:40,0.46297123629918313
18082,617.0,2021-06-02 15:55:53,2021-06-02 15:57:38,1c:b7:2c:f1:0e:66,-93,6,-22.815402,-47.062637,-22.818169,-47.062027,188,444,105,2021-06-02 15:55:53,0.31396484622851667
18093,617.0,2021-06-02 15:56:10,2021-06-02 15:58:56,50:92:b9:d5:07:1a,-51,6,-22.815709,-47.062563,-22.821562,-47.060765,70,455,166,2021-06-02 15:56:10,0.6764116253924092
18272,617.0,2021-06-02 16:02:37,2021-06-02 16:04:23,98:39:8e:ca:d9:fb,-91,1,-22.830509,-47.064408,-22.829814000000002,-47.060014,81,632,106,2021-06-02 16:02:37,0.4568975972618674
18892,617.0,2021-06-02 16:43:53,2021-06-02 16:45:53,22:fe:2f:23:f7:a9,-93,1,-22.829585,-47.062694,-22.825653,-47.066308,217,26,120,2021-06-02 16:43:53,0.5730137391071677
18907,617.0,2021-06-02 16:44:09,2021-06-02 16:45:09,0e:de:5b:d6:b4:8c,-71,1,-22.829522,-47.063885,-22.827935999999998,-47.06681,109,41,60,2021-06-02 16:44:09,0.3477966421671216
18909,617.0,2021-06-02 16:44:10,2021-06-02 16:47:39,30:cb:f8:20:a9:fb,-69,1,-22.829521,-47.0639,-22.823193,-47.068656,175,43,209,2021-06-02 16:44:10,0.8559778522517819
18911,617.0,2021-06-02 16:44:11,2021-06-02 16:47:57,1e:8d:7a:54:1e:8b,-57,10,-22.829521,-47.063908000000005,-22.822011,-47.069455,217,45,226,2021-06-02 16:44:11,1.0102172957258573
19222,617.0,2021-06-02 16:55:01,2021-06-02 16:56:41,78:23:27:42:af:e2,-74,6,-22.818173,-47.063151,-22.820467,-47.060413,113,356,100,2021-06-02 16:55:01,0.37923089553851747
22246,617.0,2021-06-07 07:24:03,2021-06-07 07:25:44,90:73:5a:47:f8:4e,-54,1,-22.819528,-47.067248,-22.81847,-47.064054,50,482,101,2021-06-07 07:24:03,0.34785794545579046
23317,617.0,2021-06-07 08:15:35,2021-06-07 08:24:28,70:fd:46:b1:1f:32,-95,1,-22.824246,-47.062905,-22.829531,-47.063895,30,370,533,2021-06-07 08:15:35,0.5963604384295834
23507,617.0,2021-06-07 08:28:17,2021-06-07 08:32:22,30:cb:f8:6d:e7:cf,-84,13,-22.821728,-47.069823,-22.812729,-47.067809000000004,102,560,245,2021-06-07 08:28:17,1.0217140638027418
24250,617.0,2021-06-07 09:03:31,2021-06-07 09:04:49,d4:63:c6:87:3b:b2,-86,1,-22.828979999999998,-47.06582,-22.825254,-47.065528,62,51,78,2021-06-07 09:03:31,0.4153922457339993
24351,617.0,2021-06-07 09:06:20,2021-06-07 09:08:37,30:cb:f8:20:a9:fb,-66,1,-22.824462,-47.067546,-22.818610999999997,-47.072205,207,151,137,2021-06-07 09:06:20,0.8070270082799592
24524,617.0,2021-06-07 09:14:15,2021-06-07 09:18:57,36:21:93:df:88:23,-94,9,-22.820687,-47.066485,-22.818132000000002,-47.061640999999995,33,324,282,2021-06-07 09:14:15,0.5720128243221224
25409,617.0,2021-06-07 11:12:13,2021-06-07 11:19:05,76:73:35:1d:92:ac,-74,1,-22.829513000000002,-47.063899,-22.816529,-47.072678,188,32,412,2021-06-07 11:12:13,1.70117339690509
25436,617.0,2021-06-07 11:12:33,2021-06-07 11:16:34,2a:f0:2d:a7:4d:29,-87,9,-22.829508999999998,-47.064097,-22.822857,-47.068919,30,44,241,2021-06-07 11:12:33,0.8895712495165525
25803,617.0,2021-06-07 11:16:20,2021-06-07 11:18:23,8c:f1:12:49:19:6f,-90,1,-22.823634,-47.068360999999996,-22.81839,-47.072146000000004,48,198,123,2021-06-07 11:16:20,0.7003583146691486
25966,617.0,2021-06-07 11:19:15,2021-06-07 11:31:36,5a:1e:db:e7:30:30,-55,6,-22.816461,-47.072687,-22.824892000000002,-47.065531,60,258,741,2021-06-07 11:19:15,1.190291363869434
26020,617.0,2021-06-07 11:20:52,2021-06-07 11:28:49,c8:d7:b0:fb:c0:f2,-91,6,-22.813036999999998,-47.067983,-22.818156,-47.061456,72,285,477,2021-06-07 11:20:52,0.8783719634656248
26319,617.0,2021-06-07 11:31:21,2021-06-07 11:35:06,68:7d:6b:02:23:d7,-90,6,-22.824564000000002,-47.064719000000004,-22.829667,-47.061244,242,456,225,2021-06-07 11:31:21,0.6699332642166699
26321,617.0,2021-06-07 11:31:24,2021-06-07 11:34:31,b2:80:78:51:32:c6,-95,6,-22.824679999999997,-47.065007,-22.829878,-47.061966999999996,198,458,187,2021-06-07 11:31:24,0.6566148407405712
26452,617.0,2021-06-07 11:55:29,2021-06-07 12:03:51,b2:07:57:88:63:eb,-61,1,-22.829521,-47.063819,-22.81264,-47.067768,205,34,502,2021-06-07 11:55:29,1.9202229623953069
26520,617.0,2021-06-07 11:57:01,2021-06-07 12:02:14,58:d9:c3:41:dc:54,-92,1,-22.826278,-47.067329,-22.816544,-47.072676,54,102,313,2021-06-07 11:57:01,1.2131997547864737
26623,617.0,2021-06-07 11:58:28,2021-06-07 12:01:18,38:80:df:e1:7c:ac,-94,6,-22.825242000000003,-47.066311,-22.818506,-47.072156,119,205,170,2021-06-07 11:58:28,0.959105389925414
26759,617.0,2021-06-07 12:01:46,2021-06-07 12:11:06,5a:ae:ef:87:15:4d,-91,12,-22.817242,-47.072634,-22.818346,-47.063659,159,339,560,2021-06-07 12:01:46,0.9280320971478855
27723,617.0,2021-06-07 12:36:08,2021-06-07 12:41:31,02:00:00:00:00:00,-91,11,-22.829641,-47.061478,-22.82228,-47.069489000000004,101,13,323,2021-06-07 12:36:08,1.1593250276577214
27829,617.0,2021-06-07 12:38:55,2021-06-07 12:43:00,04:c8:07:92:42:0c,-47,1,-22.825914,-47.066887,-22.817708,-47.072609,148,119,245,2021-06-07 12:38:55,1.084674281963746
27994,617.0,2021-06-07 12:43:10,2021-06-07 12:45:47,82:62:7e:93:4f:f1,-87,1,-22.817276,-47.07266,-22.812538,-47.067545,108,282,157,2021-06-07 12:43:10,0.7432467188064468
28123,617.0,2021-06-07 12:49:15,2021-06-07 12:53:06,70:fd:46:65:2f:9e,-82,4,-22.820229,-47.065794,-22.818186999999998,-47.062883,169,411,231,2021-06-07 12:49:15,0.3749293002354477
28308,617.0,2021-06-07 12:57:43,2021-06-07 12:59:14,7e:d2:a0:f6:9a:96,-92,1,-22.829221,-47.06564,-22.83134,-47.062308,79,596,91,2021-06-07 12:57:43,0.414878191253066
29645,617.0,2021-06-07 14:40:27,2021-06-07 14:42:33,24:46:c8:e8:cc:a4,-80,1,-22.825457999999998,-47.066004,-22.821748,-47.069646999999996,36,108,126,2021-06-07 14:40:27,0.5564054479650616
29655,617.0,2021-06-07 14:40:38,2021-06-07 14:42:51,58:d9:c3:7e:1d:58,-66,6,-22.825285,-47.065711,-22.821191,-47.070488,150,118,133,2021-06-07 14:40:38,0.66853261289398
29954,617.0,2021-06-07 14:56:18,2021-06-07 14:58:30,50:3d:c6:79:8b:58,-95,4,-22.824355999999998,-47.064246000000004,-22.831194,-47.063727,47,415,132,2021-06-07 14:56:18,0.7622101337563857
30052,617.0,2021-06-07 15:06:56,2021-06-07 15:10:33,12:92:51:b4:c5:18,-94,1,-22.829543,-47.063078999999995,-22.823207,-47.068653000000005,145,11,217,2021-06-07 15:06:56,0.907030868494805
30298,617.0,2021-06-07 15:15:03,2021-06-07 15:18:16,58:d9:c3:98:e3:12,-52,5,-22.812579,-47.067714,-22.821279,-47.067882,194,255,193,2021-06-07 15:15:03,0.9675504286237034
30317,617.0,2021-06-07 15:16:22,2021-06-07 15:25:41,8a:25:c6:af:8d:22,-56,1,-22.815502,-47.065612,-22.824371,-47.064265,129,273,559,2021-06-07 15:16:22,0.9958055031832669
30641,617.0,2021-06-07 15:44:22,2021-06-07 15:47:09,f4:f5:24:24:b9:6b,-89,6,-22.825708,-47.066478000000004,-22.82157,-47.070181,233,91,167,2021-06-07 15:44:22,0.5964459928859225
30857,617.0,2021-06-07 15:52:04,2021-06-07 15:56:50,50:92:b9:d5:07:1a,-89,1,-22.814989,-47.062734000000006,-22.824896,-47.065509999999996,91,307,286,2021-06-07 15:52:04,1.1377581695478467
34777,617.0,2021-06-08 07:20:29,2021-06-08 07:30:49,0c:cb:85:be:04:42,-85,1,-22.816988000000002,-47.072722999999996,-22.818099,-47.060938,208,528,620,2021-06-08 07:20:29,1.2141863314303643
34894,617.0,2021-06-08 07:32:59,2021-06-08 07:35:19,98:39:8e:3e:81:35,-94,11,-22.824035000000002,-47.063487,-22.83116,-47.063752,157,645,140,2021-06-08 07:32:59,0.7927303096648939
36714,617.0,2021-06-08 09:00:45,2021-06-08 09:05:44,86:0e:12:b2:a3:11,-91,6,-22.827008,-47.061265,-22.82527,-47.066286,124,8,299,2021-06-08 09:00:45,0.5496800791979997
37050,617.0,2021-06-08 09:14:52,2021-06-08 09:15:54,dc:bf:e9:c3:31:be,-95,11,-22.818735,-47.06435,-22.814409,-47.064253,33,344,62,2021-06-08 09:14:52,0.48113264617553986
37141,617.0,2021-06-08 09:21:57,2021-06-08 09:23:41,60:1d:91:0c:b1:00,-87,6,-22.825826,-47.067184000000005,-22.831905,-47.062353,114,435,104,2021-06-08 09:21:57,0.8378804545260817
38213,617.0,2021-06-08 11:15:35,2021-06-08 11:19:54,f0:b5:d1:5d:08:6e,-90,11,-22.829649,-47.061248,-22.823926,-47.068102,82,9,259,2021-06-08 11:15:35,0.9478351115183372
38219,617.0,2021-06-08 11:15:53,2021-06-08 11:19:53,8a:62:c8:e6:67:66,-94,4,-22.829434,-47.062115999999996,-22.824001000000003,-47.068037,46,15,240,2021-06-08 11:15:53,0.8562700377621227
38302,617.0,2021-06-08 11:18:46,2021-06-08 11:20:31,3e:10:91:4c:22:7d,-94,6,-22.824815,-47.065373,-22.821829,-47.069522,118,98,105,2021-06-08 11:18:46,0.5395008471168203
38371,617.0,2021-06-08 11:20:57,2021-06-08 11:26:35,58:b6:33:bb:f6:18,-94,1,-22.82082,-47.070898,-22.819349,-47.067074,31,167,338,2021-06-08 11:20:57,0.4246901797195179
38393,617.0,2021-06-08 11:21:49,2021-06-08 11:33:05,68:7d:6b:de:79:2f,-89,1,-22.817733,-47.072621000000005,-22.820557,-47.060437,74,189,676,2021-06-08 11:21:49,1.2876414921380899
38426,617.0,2021-06-08 11:23:13,2021-06-08 11:34:49,30:cb:f8:19:ef:65,-70,1,-22.815291000000002,-47.072514,-22.825201,-47.066102,182,222,696,2021-06-08 11:23:13,1.2830268229660593
38451,617.0,2021-06-08 11:24:35,2021-06-08 11:31:45,f4:f5:24:bf:0a:94,-66,5,-22.812602,-47.067132,-22.818118,-47.06134,47,247,430,2021-06-08 11:24:35,0.8535941311395254
38861,617.0,2021-06-08 12:00:34,2021-06-08 12:08:14,08:c5:e1:ef:4b:32,-79,1,-22.824509,-47.067609000000004,-22.817985,-47.066265,86,203,460,2021-06-08 12:00:34,0.7383987880729602
38873,617.0,2021-06-08 12:01:00,2021-06-08 12:07:03,8c:e5:c0:af:d5:70,-47,1,-22.824123999999998,-47.067938,-22.815071,-47.064434999999996,199,215,363,2021-06-08 12:01:00,1.0687582757644876
38892,617.0,2021-06-08 12:01:48,2021-06-08 12:03:19,f2:7c:7b:e2:7a:40,-91,6,-22.821764,-47.069626,-22.817216000000002,-47.072666,121,234,91,2021-06-08 12:01:48,0.593992644566078
39060,617.0,2021-06-08 12:09:48,2021-06-08 12:19:46,a0:4f:85:d4:dd:04,-89,1,-22.820416,-47.066062,-22.829818,-47.060016,162,401,598,2021-06-08 12:09:48,1.2152914967050965
39090,617.0,2021-06-08 12:11:19,2021-06-08 12:13:36,16:99:f2:d8:48:d6,-92,1,-22.815273,-47.06382,-22.818391000000002,-47.06393,32,432,137,2021-06-08 12:11:19,0.3468895235411224
40984,617.0,2021-06-08 13:10:55,2021-06-08 13:16:14,02:00:00:00:00:00,-91,4,-22.829452,-47.064837,-22.819657,-47.071944,37,39,319,2021-06-08 13:10:55,1.310268218304332
41046,617.0,2021-06-08 13:11:57,2021-06-08 13:15:54,06:33:04:67:26:62,-46,1,-22.827899,-47.066815999999996,-22.821310999999998,-47.070465999999996,193,101,237,2021-06-08 13:11:57,0.8225395321077
41086,617.0,2021-06-08 13:12:49,2021-06-08 13:17:51,50:92:b9:b5:cc:06,-86,6,-22.82571,-47.066421999999996,-22.81581,-47.072645,181,141,302,2021-06-08 13:12:49,1.2722501722100388
41145,617.0,2021-06-08 13:13:59,2021-06-08 13:15:49,50:92:b9:a9:09:5e,-87,6,-22.825309,-47.066584000000006,-22.821594,-47.070237,186,200,110,2021-06-08 13:13:59,0.5575058121889268
41227,617.0,2021-06-08 13:16:36,2021-06-08 13:17:55,0c:f4:d5:55:84:e8,-92,1,-22.818972,-47.072368,-22.815481,-47.072563,60,282,79,2021-06-08 13:16:36,0.38869619956333246
41313,617.0,2021-06-08 13:20:44,2021-06-08 13:32:32,68:7d:6b:52:05:25,-54,1,-22.815115,-47.064723,-22.830548,-47.062139,86,368,708,2021-06-08 13:20:44,1.7363885671041945
41483,617.0,2021-06-08 13:30:05,2021-06-08 13:31:26,c2:fd:56:9e:5a:2f,-91,1,-22.825464,-47.066567,-22.83032,-47.064533000000004,114,538,81,2021-06-08 13:30:05,0.5788041192945025
42117,617.0,2021-06-08 14:03:10,2021-06-08 14:17:19,a0:4f:85:d4:dd:04,-83,1,-22.826937,-47.061323,-22.820798999999997,-47.068134,234,1,849,2021-06-08 14:03:10,0.9762692818373325
42118,617.0,2021-06-08 14:03:20,2021-06-08 14:05:32,e0:10:7f:ad:d3:48,-92,6,-22.826454000000002,-47.061595000000004,-22.829551000000002,-47.063812,39,2,132,2021-06-08 14:03:20,0.4125725619073015
42182,617.0,2021-06-08 14:06:27,2021-06-08 14:09:38,68:7d:6b:32:0f:03,-51,1,-22.827925,-47.066812,-22.823392000000002,-47.068521999999994,117,66,191,2021-06-08 14:06:27,0.5336454033759094
42214,617.0,2021-06-08 14:07:27,2021-06-08 14:14:16,68:7d:6b:52:05:25,-58,2,-22.825469000000002,-47.066002000000005,-22.812542,-47.067459,62,98,409,2021-06-08 14:07:27,1.4451548931526519
42381,617.0,2021-06-08 14:13:58,2021-06-08 14:19:32,90:73:5a:47:f8:4e,-73,11,-22.812707999999997,-47.067807,-22.815960999999998,-47.063615999999996,35,265,334,2021-06-08 14:13:58,0.5615706132015023
42516,617.0,2021-06-08 14:22:54,2021-06-08 14:28:42,50:92:b9:02:b9:28,-78,11,-22.818158,-47.059629,-22.831417000000002,-47.0633,176,400,348,2021-06-08 14:22:54,1.5215837027294783
42613,617.0,2021-06-08 14:27:35,2021-06-08 14:28:36,88:79:7e:3c:12:69,-96,6,-22.82874,-47.066161,-22.831196,-47.063693,171,497,61,2021-06-08 14:27:35,0.3722296413625408
43126,617.0,2021-06-08 14:35:26,2021-06-08 14:37:28,c8:c7:50:45:36:3c,-91,2,-22.828688,-47.066091,-22.82532,-47.066525,130,42,122,2021-06-08 14:35:26,0.3771371169393131
43812,617.0,2021-06-08 15:15:45,2021-06-08 15:22:47,8a:25:c6:af:8d:22,-56,6,-22.819298,-47.066975,-22.821606,-47.060784000000005,218,260,422,2021-06-08 15:15:45,0.6844582659122691
44718,617.0,2021-06-08 15:47:22,2021-06-08 16:01:32,30:4b:07:ce:9a:01,-92,6,-22.825295999999998,-47.066383,-22.822834,-47.06188,37,131,850,2021-06-08 15:47:22,0.5365943353099808
44868,617.0,2021-06-08 15:53:28,2021-06-08 15:59:20,bc:98:df:d5:e9:be,-83,6,-22.814988,-47.064262,-22.818153,-47.064111,47,281,352,2021-06-08 15:53:28,0.35227256541748325
44962,617.0,2021-06-08 15:58:02,2021-06-08 16:02:48,50:92:b9:d5:07:1a,-95,6,-22.814944,-47.062748,-22.82498,-47.065682,177,375,286,2021-06-08 15:58:02,1.1557593637136334
45036,617.0,2021-06-08 16:02:48,2021-06-08 16:04:04,0e:c9:be:5e:00:37,-96,11,-22.82498,-47.065682,-22.828552,-47.066255,249,449,76,2021-06-08 16:02:48,0.40150661558554096
45620,617.0,2021-06-08 16:44:52,2021-06-08 16:46:06,e0:10:7f:6d:d3:48,-84,6,-22.828975,-47.060522999999996,-22.829515,-47.063921,30,7,74,2021-06-08 16:44:52,0.3533815150145793
45870,617.0,2021-06-08 16:56:28,2021-06-08 17:04:39,f0:d7:aa:05:66:18,-64,12,-22.819484,-47.067211,-22.831529,-47.062256,201,257,491,2021-06-08 16:56:28,1.4323864381005413
45985,617.0,2021-06-08 17:02:44,2021-06-08 17:04:33,3e:2e:81:d0:8a:f8,-91,6,-22.826565,-47.067681,-22.831795,-47.062146000000006,164,372,109,2021-06-08 17:02:44,0.8123893158120403
49809,617.0,2021-06-09 07:56:57,2021-06-09 07:59:53,d0:77:14:6f:e8:3f,-82,1,-22.829322,-47.065366999999995,-22.825114000000003,-47.066031,184,69,176,2021-06-09 07:56:57,0.472831523681245
50052,617.0,2021-06-09 08:06:06,2021-06-09 08:19:46,98:b8:ba:9c:b7:3c,-82,6,-22.814159,-47.064528,-22.827686,-47.061040000000006,30,312,820,2021-06-09 08:06:06,1.5460344511056543
50204,617.0,2021-06-09 08:21:20,2021-06-09 08:24:28,38:80:df:83:40:da,-92,6,-22.829553,-47.063559999999995,-22.825256,-47.066429,30,464,188,2021-06-09 08:21:20,0.5610284509470026
50326,617.0,2021-06-09 08:26:14,2021-06-09 08:27:43,64:32:a8:28:49:2a,-93,6,-22.821864,-47.069494,-22.817345,-47.072651,37,586,89,2021-06-09 08:26:14,0.59765568859199
52624,617.0,2021-06-09 11:16:54,2021-06-09 11:27:38,b0:02:47:c8:1b:b9,-85,2,-22.825893,-47.066953000000005,-22.817014999999998,-47.063657,56,100,644,2021-06-09 11:16:54,1.043388069567827
52661,617.0,2021-06-09 11:18:02,2021-06-09 11:30:35,f0:b5:d1:5d:08:6e,-92,11,-22.825206,-47.06629,-22.818171,-47.062818,30,137,753,2021-06-09 11:18:02,0.8593912372477179
52755,617.0,2021-06-09 11:21:26,2021-06-09 11:23:22,c6:5c:22:fa:02:90,-67,11,-22.816520999999998,-47.072693,-22.812542,-47.067555,180,236,116,2021-06-09 11:21:26,0.6878150511501587
52764,617.0,2021-06-09 11:22:09,2021-06-09 11:33:03,f0:d7:aa:1c:9f:12,-57,11,-22.815172,-47.072469,-22.823193,-47.06201,231,244,654,2021-06-09 11:22:09,1.3944853080098074
52793,617.0,2021-06-09 11:23:46,2021-06-09 11:30:49,04:d6:aa:a7:10:5b,-73,13,-22.81306,-47.065717,-22.818113,-47.061717,43,278,423,2021-06-09 11:23:46,0.6955428266398166
52949,617.0,2021-06-09 11:35:26,2021-06-09 11:36:27,48:2c:a0:c7:4b:e2,-94,1,-22.828862,-47.065993,-22.831828,-47.062175,82,496,61,2021-06-09 11:35:26,0.5117358849323221
52991,617.0,2021-06-09 11:56:41,2021-06-09 12:03:12,8a:79:56:23:46:ff,-74,1,-22.829537,-47.063727,-22.816546,-47.072682,171,21,391,2021-06-09 11:56:41,1.711439139871096
53071,617.0,2021-06-09 11:58:55,2021-06-09 12:01:24,c0:8c:71:43:43:76,-56,13,-22.825626,-47.066194,-22.821758,-47.069769,45,101,149,2021-06-09 11:58:55,0.5650091799840854
53076,617.0,2021-06-09 11:59:02,2021-06-09 12:03:06,58:d9:c3:41:dc:54,-50,8,-22.825601000000002,-47.066156,-22.816664000000003,-47.072693,104,106,244,2021-06-09 11:59:02,1.198505661125641
53081,617.0,2021-06-09 11:59:07,2021-06-09 12:03:23,0c:9d:92:7e:16:3d,-55,1,-22.825532,-47.066092,-22.816418,-47.07269,64,111,256,2021-06-09 11:59:07,1.218334006732644
53269,617.0,2021-06-09 12:03:27,2021-06-09 12:14:11,5a:ae:ef:87:15:4d,-49,11,-22.816212,-47.07269,-22.819895000000002,-47.060196999999995,63,299,644,2021-06-09 12:03:27,1.3443428229355663
54466,617.0,2021-06-09 12:42:02,2021-06-09 12:43:10,a8:16:d0:67:35:25,-91,1,-22.817631,-47.066176,-22.821231,-47.067894,94,343,68,2021-06-09 12:42:02,0.43731744540718726
55390,617.0,2021-06-09 13:16:26,2021-06-09 13:18:49,92:97:e5:ca:5d:f3,-92,1,-22.82548,-47.066064000000004,-22.821894,-47.069491,124,170,143,2021-06-09 13:16:26,0.5313755464059605
55528,617.0,2021-06-09 13:20:31,2021-06-09 13:23:03,82:62:7e:93:4f:f1,-90,1,-22.817598,-47.072697999999995,-22.812589000000003,-47.067116,92,308,152,2021-06-09 13:20:31,0.7984696070275674
55610,617.0,2021-06-09 13:24:26,2021-06-09 13:27:01,52:f6:5c:2f:36:6b,-95,11,-22.815715,-47.066158,-22.820999,-47.067,163,390,155,2021-06-09 13:24:26,0.5938587033513636
56359,617.0,2021-06-09 13:57:08,2021-06-09 13:58:59,0c:f4:d5:95:60:78,-85,11,-22.827604,-47.067229,-22.825069,-47.065959,34,58,111,2021-06-09 13:57:08,0.3104790568275635
56531,617.0,2021-06-09 14:03:55,2021-06-09 14:13:10,c8:d7:b0:fb:c0:f2,-77,11,-22.812932,-47.067938,-22.81982,-47.060178,250,230,555,2021-06-09 14:03:55,1.1041792805692878
56559,617.0,2021-06-09 14:05:48,2021-06-09 14:14:46,ce:d2:ca:c0:32:21,-54,1,-22.815763,-47.066005,-22.824181,-47.063676,105,258,538,2021-06-09 14:05:48,0.9659970721755571
58039,617.0,2021-06-09 15:13:41,2021-06-09 15:21:15,8a:25:c6:af:8d:22,-85,1,-22.81529,-47.065033,-22.819782,-47.060168,136,287,454,2021-06-09 15:13:41,0.7057769419422064
58985,617.0,2021-06-09 15:46:04,2021-06-09 15:49:07,f4:f5:24:24:b9:6b,-90,1,-22.82576,-47.066688,-22.821463,-47.070306,67,62,183,2021-06-09 15:46:04,0.604809098060501
59170,617.0,2021-06-09 15:50:48,2021-06-09 15:52:17,32:43:ab:c1:7c:55,-56,1,-22.816629000000002,-47.072717,-22.812928,-47.067884,199,247,89,2021-06-09 15:50:48,0.6440045171728835
59237,617.0,2021-06-09 15:53:27,2021-06-09 15:59:51,a8:96:75:4c:66:9b,-92,11,-22.814674,-47.064159000000004,-22.818228,-47.064131,33,314,384,2021-06-09 15:53:27,0.3951977353613485
59350,617.0,2021-06-09 15:58:30,2021-06-09 16:01:41,50:92:b9:d5:07:1a,-87,1,-22.815167000000002,-47.062689,-22.82214,-47.061444,172,427,191,2021-06-09 15:58:30,0.785793128885806
60194,617.0,2021-06-09 16:44:40,2021-06-09 16:52:00,82:62:7e:93:4f:f1,-83,1,-22.821741,-47.069673,-22.818541,-47.064102,63,165,440,2021-06-09 16:44:40,0.6727772202978405
60312,617.0,2021-06-09 16:49:47,2021-06-09 16:50:48,c6:42:4d:fd:ad:37,-92,4,-22.818068,-47.066268,-22.82093,-47.068049,75,283,61,2021-06-09 16:49:47,0.36687477340556834
60337,617.0,2021-06-09 16:50:27,2021-06-09 16:57:54,f0:d7:aa:05:66:18,-86,11,-22.819824,-47.067613,-22.831767000000003,-47.062143,150,308,447,2021-06-09 16:50:27,1.4414817809016263
60368,617.0,2021-06-09 16:52:15,2021-06-09 16:54:16,78:23:27:42:af:e2,-76,6,-22.818179,-47.063276,-22.822018,-47.061168,183,339,121,2021-06-09 16:52:15,0.4784383742851157
63811,617.0,2021-06-10 07:03:16,2021-06-10 07:07:33,e0:10:7f:6d:f4:08,-90,1,-22.824439,-47.062862,-22.827171,-47.061183,34,325,257,2021-06-10 07:03:16,0.34913531969783174
63925,617.0,2021-06-10 07:14:49,2021-06-10 07:17:42,04:d9:f5:4c:18:51,-92,1,-22.82575,-47.06648,-22.820739,-47.07095,155,439,173,2021-06-10 07:14:49,0.7213529936798608
63933,617.0,2021-06-10 07:14:59,2021-06-10 07:21:43,90:73:5a:5e:da:70,-49,11,-22.825473000000002,-47.066016999999995,-22.814319,-47.064444,59,447,404,2021-06-10 07:14:59,1.250704275406731
64134,617.0,2021-06-10 07:32:02,2021-06-10 07:34:26,30:cb:f8:79:66:4d,-87,1,-22.825719,-47.066790000000005,-22.831485999999998,-47.062267,38,648,144,2021-06-10 07:32:02,0.7912562908020864
64135,617.0,2021-06-10 07:32:02,2021-06-10 07:34:42,82:e7:6d:89:21:c9,-74,2,-22.825719,-47.066790000000005,-22.830561,-47.062160999999996,38,649,160,2021-06-10 07:32:02,0.7175945817460978
64902,617.0,2021-06-10 08:02:56,2021-06-10 08:04:56,a8:96:75:4c:66:9b,-63,6,-22.815412,-47.065371,-22.821282,-47.067609999999995,89,248,120,2021-06-10 08:02:56,0.6918806092810318
65498,617.0,2021-06-10 08:30:12,2021-06-10 08:42:30,5a:ae:ef:87:15:4d,-81,1,-22.819323999999998,-47.072173,-22.820463,-47.060431,137,212,738,2021-06-10 08:30:12,1.2101033049844234
65536,617.0,2021-06-10 08:31:10,2021-06-10 08:38:06,02:25:6a:00:f5:5f,-84,1,-22.817132,-47.072711,-22.815224,-47.063844,72,250,416,2021-06-10 08:31:10,0.9332540162462494
65550,617.0,2021-06-10 08:31:42,2021-06-10 08:40:23,3c:dc:bc:b6:be:a7,-48,1,-22.816248,-47.072662,-22.818067000000003,-47.063588,33,264,521,2021-06-10 08:31:42,0.9517684044811541
66098,617.0,2021-06-10 08:59:28,2021-06-10 09:10:14,d4:c9:4b:2e:c6:f0,-93,1,-22.826913,-47.061375,-22.815269,-47.064964,33,5,646,2021-06-10 08:59:28,1.3459931901889326
67178,617.0,2021-06-10 11:14:04,2021-06-10 11:18:48,10:f1:f2:95:59:8e,-56,10,-22.825632000000002,-47.06626,-22.816485999999998,-47.07266,34,96,284,2021-06-10 11:14:04,1.2101767836252297
67316,617.0,2021-06-10 11:18:23,2021-06-10 11:30:24,c6:5c:22:fa:02:90,-87,1,-22.816799,-47.072644,-22.821043,-47.060581,174,234,721,2021-06-10 11:18:23,1.3233675432931347
67422,617.0,2021-06-10 11:23:51,2021-06-10 11:35:34,e0:dc:ff:2b:8a:b6,-57,2,-22.820897,-47.068067,-22.829672,-47.061487,67,340,703,2021-06-10 11:23:51,1.1861008811385412
67476,617.0,2021-06-10 11:29:15,2021-06-10 11:31:27,fc:aa:b6:ca:d7:a1,-93,11,-22.818091,-47.060137,-22.824701,-47.064995,69,394,132,2021-06-10 11:29:15,0.887765586199143
67527,617.0,2021-06-10 11:31:40,2021-06-10 11:36:02,b2:80:78:51:32:c6,-72,6,-22.824898,-47.065521000000004,-22.829670999999998,-47.061388,164,445,262,2021-06-10 11:31:40,0.6790394565956485
67559,617.0,2021-06-10 11:32:50,2021-06-10 11:34:14,2c:ae:2b:09:e1:2d,-93,11,-22.827081,-47.067547999999995,-22.831762,-47.062717,122,477,84,2021-06-10 11:32:50,0.7183670566558803
67647,617.0,2021-06-10 11:55:19,2021-06-10 12:07:18,0a:72:77:12:02:02,-92,1,-22.829568,-47.0633,-22.820938,-47.068041,54,31,719,2021-06-10 11:55:19,1.075616594423377
67649,617.0,2021-06-10 11:55:20,2021-06-10 11:58:00,1e:8d:7a:54:1e:8b,-90,1,-22.829567,-47.063314,-22.825232999999997,-47.065475,139,33,160,2021-06-10 11:55:20,0.5303737987954464
67665,617.0,2021-06-10 11:55:45,2021-06-10 11:56:48,b0:70:2d:8a:fb:3a,-64,1,-22.829528,-47.063883000000004,-22.827857,-47.066888,156,49,63,2021-06-10 11:55:45,0.3596780109756284
67748,617.0,2021-06-10 11:57:34,2021-06-10 12:02:31,0c:9d:92:7e:16:3d,-73,1,-22.825654,-47.066199,-22.816537,-47.072688,42,132,297,2021-06-10 11:57:34,1.2124474818653634
67801,617.0,2021-06-10 11:58:28,2021-06-10 11:59:53,a6:ab:86:b2:0a:a6,-91,6,-22.824927,-47.065584,-22.823313,-47.06859,57,185,85,2021-06-10 11:58:28,0.3565425927253778
67965,617.0,2021-06-10 12:02:17,2021-06-10 12:12:56,5a:ae:ef:87:15:4d,-59,11,-22.816658,-47.072684,-22.819096,-47.059917,106,349,639,2021-06-10 12:02:17,1.3363174068032866
67977,617.0,2021-06-10 12:02:44,2021-06-10 12:17:35,74:c6:3b:ed:d2:01,-52,2,-22.816382,-47.072688,-22.831884,-47.062238,117,361,891,2021-06-10 12:02:44,2.0293722679020756
67985,617.0,2021-06-10 12:03:22,2021-06-10 12:12:23,22:bd:a9:53:f9:65,-59,6,-22.814186,-47.071552000000004,-22.818099,-47.060990999999994,115,369,541,2021-06-10 12:03:22,1.1666205513902212
68037,617.0,2021-06-10 12:05:36,2021-06-10 12:18:54,00:0a:f5:61:1e:58,-61,1,-22.815167000000002,-47.064678,-22.829674,-47.061135,110,421,798,2021-06-10 12:05:36,1.6534725130794214
68101,617.0,2021-06-10 12:07:55,2021-06-10 12:16:51,a0:4f:85:d4:dd:04,-91,1,-22.820404999999997,-47.066067,-22.830036,-47.064878,225,485,536,2021-06-10 12:07:55,1.0778305010490288
69063,617.0,2021-06-10 12:32:53,2021-06-10 12:35:27,60:ab:67:ff:f4:93,-87,1,-22.829297,-47.065234999999994,-22.825302999999998,-47.066443,43,174,154,2021-06-10 12:32:53,0.4610463384263207
69175,617.0,2021-06-10 12:34:39,2021-06-10 12:38:35,04:c8:07:92:42:0c,-71,7,-22.825557999999997,-47.066203,-22.817551,-47.072633,238,286,236,2021-06-10 12:34:39,1.107701354352288
69368,617.0,2021-06-10 12:39:08,2021-06-10 12:48:22,70:bb:e9:f8:0b:db,-55,9,-22.816558999999998,-47.072684,-22.818161,-47.063068,120,479,554,2021-06-10 12:39:08,1.0015470779214872
69385,617.0,2021-06-10 12:40:23,2021-06-10 12:42:50,10:7b:44:82:be:6f,-93,3,-22.813902,-47.068676,-22.817595,-47.066175,111,496,147,2021-06-10 12:40:23,0.4840846656264263
70406,617.0,2021-06-10 13:16:59,2021-06-10 13:19:50,bc:98:df:a8:ee:4e,-95,3,-22.825854,-47.066722,-22.821754000000002,-47.070021000000004,86,106,171,2021-06-10 13:16:59,0.5675942710721248
70656,617.0,2021-06-10 13:23:42,2021-06-10 13:37:50,08:8c:2c:26:dc:7d,-57,1,-22.812729,-47.067811,-22.830277,-47.062056,124,356,848,2021-06-10 13:23:42,2.038451386709169
70665,617.0,2021-06-10 13:24:14,2021-06-10 13:36:30,6a:bc:68:b4:c4:84,-90,1,-22.812763,-47.066367,-22.83087,-47.064038000000004,176,365,736,2021-06-10 13:24:14,2.027509470126069
70866,617.0,2021-06-10 13:34:17,2021-06-10 13:36:45,48:90:2f:db:a2:4e,-89,1,-22.824866,-47.065457,-22.83151,-47.063161,97,566,148,2021-06-10 13:34:17,0.7753484588713485
70971,617.0,2021-06-10 13:35:58,2021-06-10 13:37:06,fc:d4:36:6e:4f:a5,-91,6,-22.828943,-47.06586,-22.831904,-47.062197999999995,58,671,68,2021-06-10 13:35:58,0.4992508139425034
71888,617.0,2021-06-10 14:01:08,2021-06-10 14:15:53,06:33:04:67:26:62,-75,1,-22.816453,-47.072652000000005,-22.828879,-47.065965000000006,48,237,885,2021-06-10 14:01:08,1.5423438206145061
71890,617.0,2021-06-10 14:01:13,2021-06-10 14:15:26,04:c8:07:92:42:0c,-55,13,-22.816433,-47.072651,-22.828419,-47.066412,106,239,853,2021-06-10 14:01:13,1.4782385663756656
71912,617.0,2021-06-10 14:02:43,2021-06-10 14:12:32,c8:d7:b0:fb:c0:f2,-74,6,-22.812935999999997,-47.067928,-22.819862,-47.060177,130,261,589,2021-06-10 14:02:43,1.1064518116994526
71930,617.0,2021-06-10 14:03:30,2021-06-10 14:12:48,90:73:5a:47:f8:4e,-56,7,-22.812573,-47.067077000000005,-22.820631,-47.060443,146,279,558,2021-06-10 14:03:30,1.1247936379184638
72050,617.0,2021-06-10 14:08:52,2021-06-10 14:17:57,00:0a:f5:61:1e:58,-60,6,-22.813284,-47.064372,-22.829721,-47.060476,101,399,545,2021-06-10 14:08:52,1.8708232249153272
72248,617.0,2021-06-10 14:33:11,2021-06-10 14:37:39,a0:4f:85:d4:dd:04,-65,1,-22.828514000000002,-47.060744,-22.825273000000003,-47.066845,116,8,268,2021-06-10 14:33:11,0.7216911732653092
72354,617.0,2021-06-10 14:37:20,2021-06-10 14:38:41,48:90:2f:a7:07:cf,-84,1,-22.825142,-47.066054,-22.822292,-47.069437,246,114,81,2021-06-10 14:37:20,0.46972746520709274
72561,617.0,2021-06-10 14:45:23,2021-06-10 14:50:48,18:31:bf:d3:1e:7c,-93,1,-22.820076,-47.068129,-22.818142,-47.061794,185,321,325,2021-06-10 14:45:23,0.6839756233879177
72567,617.0,2021-06-10 14:45:47,2021-06-10 14:48:12,f0:b5:d1:5d:08:6e,-91,11,-22.821257,-47.06788,-22.814369,-47.064254999999996,44,327,145,2021-06-10 14:45:47,0.8512703732907518
72749,617.0,2021-06-10 14:54:22,2021-06-10 14:55:27,98:39:8e:e9:39:85,-95,5,-22.827261,-47.067478,-22.831223,-47.063634,63,509,65,2021-06-10 14:54:22,0.591004220615225
72770,617.0,2021-06-10 14:54:57,2021-06-10 14:56:08,70:fd:46:27:46:e4,-95,1,-22.829235999999998,-47.065638,-22.831591,-47.062232,37,530,71,2021-06-10 14:54:57,0.43636640088815093
73597,617.0,2021-06-10 15:15:15,2021-06-10 15:26:10,8a:25:c6:af:8d:22,-57,7,-22.815385,-47.065315999999996,-22.825714,-47.066903,115,301,655,2021-06-10 15:15:15,1.1599941709937294
73641,617.0,2021-06-10 15:16:34,2021-06-10 15:18:51,fc:64:3a:f4:6f:4a,-80,1,-22.819876,-47.067714,-22.816264999999998,-47.0636,33,345,137,2021-06-10 15:16:34,0.582251498443701
74392,617.0,2021-06-10 15:43:45,2021-06-10 15:51:09,02:00:00:00:00:00,-87,10,-22.829017,-47.06577,-22.813766,-47.070118,31,41,444,2021-06-10 15:43:45,1.7534096625113575
74632,617.0,2021-06-10 15:53:03,2021-06-10 15:59:41,a8:96:75:4c:66:9b,-67,6,-22.815213,-47.064808,-22.818364000000003,-47.063743,100,281,398,2021-06-10 15:53:03,0.36698527199552605
74715,617.0,2021-06-10 15:58:01,2021-06-10 16:02:42,50:92:b9:d5:07:1a,-87,1,-22.815463,-47.062646,-22.824825,-47.065344,178,364,281,2021-06-10 15:58:01,1.077108539846408
78081,617.0,2021-06-11 07:11:35,2021-06-11 07:14:28,d0:77:14:da:f1:f7,-92,11,-22.829345,-47.061765,-22.828746,-47.066022,236,304,173,2021-06-11 07:11:35,0.44133277203333354
78341,617.0,2021-06-11 07:26:46,2021-06-11 07:36:04,dc:bf:e9:52:f3:44,-92,6,-22.817601,-47.063836,-22.831158,-47.063753999999996,70,564,558,2021-06-11 07:26:46,1.5074951284901281
79684,617.0,2021-06-11 08:14:28,2021-06-11 08:19:01,e0:10:7f:2d:f4:08,-90,1,-22.824491000000002,-47.062828,-22.827265,-47.061231,51,349,273,2021-06-11 08:14:28,0.3491892190420749
79941,617.0,2021-06-11 08:32:14,2021-06-11 08:38:55,90:73:5a:47:f8:4e,-61,12,-22.816348,-47.066219,-22.818067000000003,-47.060138,72,606,401,2021-06-11 08:32:14,0.6519159613526166
80441,617.0,2021-06-11 09:07:33,2021-06-11 09:08:34,22:cd:28:85:f6:62,-93,6,-22.813965,-47.06847,-22.813825,-47.064809999999994,45,228,61,2021-06-11 09:07:33,0.37545893628756516
80593,617.0,2021-06-11 09:17:52,2021-06-11 09:19:52,a2:72:96:48:5f:de,-92,1,-22.824619000000002,-47.064797,-22.825903,-47.067448999999996,96,380,120,2021-06-11 09:17:52,0.307015116215726
81220,617.0,2021-06-11 11:10:41,2021-06-11 11:16:28,b0:70:2d:8a:fb:3a,-91,11,-22.829565,-47.062785,-22.818376,-47.07216,45,14,347,2021-06-11 11:10:41,1.5719841438131616
81222,617.0,2021-06-11 11:10:46,2021-06-11 11:14:27,38:9a:f6:c6:6e:83,-91,6,-22.829557,-47.063127,-22.824148,-47.067954,198,16,221,2021-06-11 11:10:46,0.778766499634397
81229,617.0,2021-06-11 11:11:04,2021-06-11 11:12:17,3a:3d:75:d8:85:d7,-87,13,-22.829504999999997,-47.063921,-22.827810999999997,-47.066957,47,23,73,2021-06-11 11:11:04,0.36371994923829054
81400,617.0,2021-06-11 11:17:36,2021-06-11 11:29:53,d4:c9:4b:28:b1:51,-63,3,-22.816172,-47.072657,-22.825373000000003,-47.066475,241,194,737,2021-06-11 11:17:36,1.2034093416024683
81542,617.0,2021-06-11 11:24:54,2021-06-11 11:27:27,90:3a:72:25:0f:48,-87,1,-22.814602,-47.062903999999996,-22.818097,-47.060291,33,336,153,2021-06-11 11:24:54,0.47197153500716754
82302,617.0,2021-06-11 11:56:06,2021-06-11 11:59:44,28:83:35:a7:8f:4f,-92,10,-22.829428,-47.064993,-22.822364,-47.069413,65,25,218,2021-06-11 11:56:06,0.906744138457206
82356,617.0,2021-06-11 11:57:18,2021-06-11 12:01:44,0c:9d:92:7e:16:3d,-92,6,-22.825799,-47.066586,-22.817142999999998,-47.072679,227,79,266,2021-06-11 11:57:18,1.1473376228822252
82366,617.0,2021-06-11 11:57:28,2021-06-11 12:01:35,58:d9:c3:41:dc:54,-57,6,-22.825613,-47.066184,-22.81749,-47.072637,74,89,247,2021-06-11 11:57:28,1.119486268364243
82426,617.0,2021-06-11 11:58:58,2021-06-11 12:01:08,cc:88:26:cf:54:50,-91,5,-22.824919,-47.067187,-22.818735999999998,-47.072323,33,149,130,2021-06-11 11:58:58,0.8658919308551666
82657,617.0,2021-06-11 12:08:02,2021-06-11 12:17:31,c8:c7:50:cd:bd:e8,-60,1,-22.819233999999998,-47.064663,-22.829660999999998,-47.061716,60,380,569,2021-06-11 12:08:02,1.1981253433549486
82846,617.0,2021-06-11 12:32:26,2021-06-11 12:35:10,60:ab:67:ff:f4:93,-93,6,-22.8295,-47.061698,-22.825468,-47.066009,53,18,164,2021-06-11 12:32:26,0.6294519261035568
82863,617.0,2021-06-11 12:33:03,2021-06-11 12:38:44,02:00:00:00:00:00,-80,2,-22.82953,-47.063934,-22.8192,-47.07225,32,35,341,2021-06-11 12:33:03,1.4303107326885567
82871,617.0,2021-06-11 12:33:16,2021-06-11 12:36:09,52:2e:c1:de:fb:ce,-88,1,-22.829487,-47.064859999999996,-22.825344,-47.06662,83,43,173,2021-06-11 12:33:16,0.49473474258600036
83129,617.0,2021-06-11 12:38:49,2021-06-11 12:50:44,3a:c8:5b:63:8e:8e,-83,1,-22.819005999999998,-47.072356,-22.82909,-47.065740999999996,47,301,715,2021-06-11 12:38:49,1.3103152663989064
83786,617.0,2021-06-11 13:11:01,2021-06-11 13:15:46,50:3d:c6:04:84:f6,-93,1,-22.829570999999998,-47.062574,-22.822617,-47.069221,37,32,285,2021-06-11 13:11:01,1.030530144275546
83879,617.0,2021-06-11 13:12:59,2021-06-11 13:15:55,06:33:04:67:26:62,-54,11,-22.827207,-47.067456,-22.822116,-47.06948,212,125,176,2021-06-11 13:12:59,0.6029031774008654
83899,617.0,2021-06-11 13:13:16,2021-06-11 13:18:21,04:c8:07:92:42:0c,-53,7,-22.826048,-47.067118,-22.816571,-47.072686,134,145,305,2021-06-11 13:13:16,1.1983935927386176
84009,617.0,2021-06-11 13:15:03,2021-06-11 13:18:21,d4:c9:4b:88:f7:99,-53,1,-22.824275,-47.0677,-22.816571,-47.072686,89,255,198,2021-06-11 13:15:03,0.9974903057218064
84092,617.0,2021-06-11 13:17:04,2021-06-11 13:20:25,82:62:7e:93:4f:f1,-95,6,-22.818822,-47.072407,-22.812580999999998,-47.067014,48,338,201,2021-06-11 13:17:04,0.8872034541783257
84194,617.0,2021-06-11 13:21:50,2021-06-11 13:23:42,70:fd:46:64:0f:60,-92,11,-22.816565,-47.066178,-22.821220999999998,-47.067468,181,440,112,2021-06-11 13:21:50,0.5343400728021765
84778,617.0,2021-06-11 13:57:21,2021-06-11 14:10:26,c8:c7:50:cd:bd:e8,-60,6,-22.82951,-47.063793,-22.819308,-47.064819,202,18,785,2021-06-11 13:57:21,1.1392752991374853
84846,617.0,2021-06-11 13:59:14,2021-06-11 14:02:56,a2:fc:25:65:6f:41,-81,11,-22.825623999999998,-47.066248,-22.818607,-47.072198,223,86,222,2021-06-11 13:59:14,0.9902899733971152
84997,617.0,2021-06-11 14:03:31,2021-06-11 14:18:07,04:c8:07:92:42:0c,-93,11,-22.816926000000002,-47.07264,-22.827191,-47.067551,163,237,876,2021-06-11 14:03:31,1.2549386900758301
85034,617.0,2021-06-11 14:05:04,2021-06-11 14:18:57,38:d4:0b:88:85:83,-42,2,-22.813773,-47.069696,-22.828778,-47.066194,220,274,833,2021-06-11 14:05:04,1.7066510891536495
85047,617.0,2021-06-11 14:06:01,2021-06-11 14:16:27,e4:58:e7:ce:ae:24,-54,6,-22.812691,-47.067788,-22.823767,-47.062796,231,287,626,2021-06-11 14:06:01,1.3336456690957414
85330,617.0,2021-06-11 14:37:33,2021-06-11 14:39:35,d2:be:37:0f:2b:50,-81,1,-22.829501,-47.063917,-22.825483,-47.066091,152,30,122,2021-06-11 14:37:33,0.49925528580107753
85545,617.0,2021-06-11 14:43:18,2021-06-11 14:44:56,a8:16:d0:a4:6c:35,-95,1,-22.817144,-47.07269,-22.813922,-47.068444,59,245,98,2021-06-11 14:43:18,0.5636942978044863
86509,617.0,2021-06-11 15:09:53,2021-06-11 15:11:47,72:b2:18:66:65:87,-94,3,-22.824917000000003,-47.065614000000004,-22.821634,-47.070119,156,113,114,2021-06-11 15:09:53,0.5885944456823895
86703,617.0,2021-06-11 15:17:00,2021-06-11 15:18:26,70:fd:46:9c:35:60,-78,11,-22.816714,-47.066155,-22.820957999999997,-47.06803,46,307,86,2021-06-11 15:17:00,0.5095404530725849
86853,617.0,2021-06-11 15:25:59,2021-06-11 15:27:33,50:8e:49:de:66:93,-86,6,-22.8256,-47.066544,-22.831305,-47.063517,80,457,94,2021-06-11 15:25:59,0.70615923582739
91631,617.0,2021-06-14 07:18:00,2021-06-14 07:21:33,f0:d7:aa:1c:9f:12,-49,3,-22.823454,-47.068507000000004,-22.813666,-47.068236999999996,136,465,213,2021-06-14 07:18:00,1.088729194877626
92270,617.0,2021-06-14 07:54:39,2021-06-14 07:58:08,6a:dc:ba:ba:30:4f,-92,11,-22.829667,-47.060642,-22.825189,-47.066178,35,6,209,2021-06-14 07:54:39,0.7548748894691469
92389,617.0,2021-06-14 07:57:56,2021-06-14 08:01:18,58:d9:c3:c7:1b:9a,-92,5,-22.824908999999998,-47.065596,-22.817296,-47.072590000000005,42,125,202,2021-06-14 07:57:56,1.1092526536024403
92496,617.0,2021-06-14 08:01:05,2021-06-14 08:06:31,08:cc:27:e9:3d:c1,-92,9,-22.81794,-47.072544,-22.821215,-47.067458,34,232,326,2021-06-14 08:01:05,0.6358787690014753
93021,617.0,2021-06-14 08:43:43,2021-06-14 08:44:45,68:7d:6b:04:7c:bf,-96,11,-22.82924,-47.065616999999996,-22.831404,-47.062303,36,757,62,2021-06-14 08:43:43,0.41623363575914457
93942,617.0,2021-06-14 09:10:19,2021-06-14 09:24:37,50:92:b9:02:b9:28,-92,6,-22.814103,-47.064574,-22.829822,-47.060034,34,269,858,2021-06-14 09:10:19,1.808750267846569
94580,617.0,2021-06-14 11:07:06,2021-06-14 11:14:35,60:af:6d:00:58:c0,-63,13,-22.828573000000002,-47.06072,-22.816392999999998,-47.072677,194,10,449,2021-06-14 11:07:06,1.826487444110033
94673,617.0,2021-06-14 11:11:02,2021-06-14 11:12:34,04:92:26:50:b7:d6,-94,11,-22.825127,-47.066093,-22.821779,-47.069891,119,103,92,2021-06-14 11:11:02,0.5386198203563743
95875,617.0,2021-06-14 11:57:40,2021-06-14 11:59:01,7c:8b:b5:cb:bf:41,-88,1,-22.824647,-47.067444,-22.821581,-47.070169,65,181,81,2021-06-14 11:57:40,0.44071347920446596
95989,617.0,2021-06-14 12:00:21,2021-06-14 12:07:52,70:bb:e9:f8:0b:db,-90,11,-22.817184,-47.072661,-22.813289,-47.063691,155,295,451,2021-06-14 12:00:21,1.0162886925409609
95991,617.0,2021-06-14 12:00:22,2021-06-14 12:02:24,82:62:7e:93:4f:f1,-89,1,-22.817151000000003,-47.072662,-22.812729,-47.067811,40,297,122,2021-06-14 12:00:22,0.6992756908227936
96808,617.0,2021-06-14 12:33:22,2021-06-14 12:40:11,3c:dc:bc:b6:be:a7,-45,4,-22.827718,-47.060997,-22.818854,-47.072421000000006,34,3,409,2021-06-14 12:33:22,1.530466987782055
96959,617.0,2021-06-14 12:36:48,2021-06-14 12:42:51,94:17:00:3a:a1:a2,-96,11,-22.825569,-47.066161,-22.812601,-47.067763,159,154,363,2021-06-14 12:36:48,1.451295697594411
97011,617.0,2021-06-14 12:37:52,2021-06-14 12:40:24,80:58:f8:a5:7a:3c,-73,11,-22.825156,-47.06684,-22.81821,-47.072333,86,206,152,2021-06-14 12:37:52,0.9557653262711459
97908,617.0,2021-06-14 13:14:10,2021-06-14 13:18:06,aa:e9:18:e9:a8:66,-93,6,-22.829307999999997,-47.06031,-22.825167,-47.066126000000004,111,22,236,2021-06-14 13:14:10,0.753199313856216
97987,617.0,2021-06-14 13:16:18,2021-06-14 13:17:58,e8:5a:8b:f6:a8:f5,-90,1,-22.827915,-47.066817,-22.825026,-47.065754,192,101,100,2021-06-14 13:16:18,0.3392130044352174
98092,617.0,2021-06-14 13:17:51,2021-06-14 13:19:37,04:c8:07:92:42:0c,-58,6,-22.824888,-47.065464,-22.823110999999997,-47.068781,212,206,106,2021-06-14 13:17:51,0.39320785534198116
98137,617.0,2021-06-14 13:18:57,2021-06-14 13:21:45,d4:c9:4b:88:f7:99,-58,1,-22.824314,-47.067736,-22.816774,-47.072679,153,251,168,2021-06-14 13:18:57,0.9795869244462752
98247,617.0,2021-06-14 13:23:26,2021-06-14 13:32:11,c8:d7:b0:fb:c0:f2,-93,6,-22.813238000000002,-47.068065000000004,-22.818917000000003,-47.059886,88,361,525,2021-06-14 13:23:26,1.049530772671639
98414,617.0,2021-06-14 13:34:20,2021-06-14 13:36:11,18:87:40:e5:b0:d3,-78,1,-22.824766,-47.065165,-22.829562,-47.065314,107,528,111,2021-06-14 13:34:20,0.5335101894376449
98918,617.0,2021-06-14 14:06:46,2021-06-14 14:19:59,06:33:04:67:26:62,-52,6,-22.815635,-47.072590999999996,-22.82479,-47.065304,66,214,793,2021-06-14 14:06:46,1.2625760032463362
99147,617.0,2021-06-14 14:20:55,2021-06-14 14:22:10,02:72:55:10:47:ee,-86,3,-22.826612,-47.067676,-22.829306,-47.065595,88,443,75,2021-06-14 14:20:55,0.3677242206196103
101107,617.0,2021-06-14 15:40:27,2021-06-14 15:41:32,56:c9:76:a7:00:75,-96,1,-22.826452,-47.061609000000004,-22.829512,-47.060272999999995,70,5,65,2021-06-14 15:40:27,0.3667725187905449
101133,617.0,2021-06-14 15:42:49,2021-06-14 15:49:00,14:1a:a3:56:40:74,-43,11,-22.829501,-47.063857,-22.818943,-47.072384,38,31,371,2021-06-14 15:42:49,1.4635588519459006
101414,617.0,2021-06-14 15:51:37,2021-06-14 16:04:45,38:e3:9f:ae:86:d2,-75,1,-22.812697,-47.067806,-22.830572,-47.064362,225,312,788,2021-06-14 15:51:37,2.018711059124191
101434,617.0,2021-06-14 15:52:55,2021-06-14 15:59:27,48:90:2f:d6:99:2a,-79,6,-22.815087,-47.064524,-22.818366,-47.06377,62,332,392,2021-06-14 15:52:55,0.3727086800734912
101831,617.0,2021-06-14 16:48:08,2021-06-14 16:49:16,80:58:f8:09:b0:7f,-96,1,-22.828398,-47.066337,-22.825566000000002,-47.066196999999995,65,49,68,2021-06-14 16:48:08,0.31523117090185343
101919,617.0,2021-06-14 16:51:00,2021-06-14 16:52:17,88:d7:f6:5b:de:38,-93,1,-22.824096,-47.067881,-22.82062,-47.07111,103,137,77,2021-06-14 16:51:00,0.5088361196420581
102084,617.0,2021-06-14 16:58:42,2021-06-14 17:06:32,f0:d7:aa:05:66:18,-45,1,-22.820147,-47.068186,-22.831696,-47.062175,106,310,470,2021-06-14 16:58:42,1.4243127838959262
102118,617.0,2021-06-14 17:00:36,2021-06-14 17:03:54,78:23:27:42:af:e2,-59,6,-22.818178,-47.063161,-22.825148000000002,-47.065995,155,344,198,2021-06-14 17:00:36,0.827669435307508
105394,617.0,2021-06-15 07:32:03,2021-06-15 07:34:39,50:3d:c6:0e:ea:38,-87,11,-22.824795,-47.065245000000004,-22.831357,-47.063392,169,574,156,2021-06-15 07:32:03,0.7539701367569006
106029,617.0,2021-06-15 07:54:00,2021-06-15 07:57:58,26:53:a4:80:0c:6d,-87,6,-22.829489000000002,-47.064862,-22.82488,-47.065221,230,28,238,2021-06-15 07:54:00,0.5138171066763211
106271,617.0,2021-06-15 08:01:24,2021-06-15 08:10:13,0c:cb:85:be:04:42,-54,1,-22.816481,-47.072666999999996,-22.818188,-47.063225,83,270,529,2021-06-15 08:01:24,0.9861832985062576
106623,617.0,2021-06-15 08:28:38,2021-06-15 08:41:01,5a:ae:ef:87:15:4d,-93,1,-22.819637,-47.072003,-22.820239,-47.060328000000005,72,622,743,2021-06-15 08:28:38,1.198460865599432
106752,617.0,2021-06-15 08:36:32,2021-06-15 08:40:08,3a:e4:a6:d1:95:32,-95,2,-22.818143,-47.063747,-22.818072,-47.060121,113,751,216,2021-06-15 08:36:32,0.3717235521243602
108372,617.0,2021-06-15 11:09:23,2021-06-15 11:15:02,44:d3:ad:5a:53:98,-83,11,-22.829517000000003,-47.063638,-22.817114,-47.072679,118,19,339,2021-06-15 11:09:23,1.6615224303206177
108409,617.0,2021-06-15 11:10:27,2021-06-15 11:11:28,50:3d:c6:7d:3a:7d,-88,6,-22.828115,-47.066642,-22.825395,-47.065915999999994,88,56,61,2021-06-15 11:10:27,0.311468315696607
108571,617.0,2021-06-15 11:15:05,2021-06-15 11:23:16,30:fc:eb:89:46:e4,-82,1,-22.816959,-47.072679,-22.815769,-47.062599,144,218,491,2021-06-15 11:15:05,1.0415821717186113
108580,617.0,2021-06-15 11:15:39,2021-06-15 11:24:58,c6:5c:22:fa:02:90,-71,11,-22.815825,-47.072666,-22.818102,-47.061215000000004,224,227,559,2021-06-15 11:15:39,1.200657177009195
108752,617.0,2021-06-15 11:27:35,2021-06-15 11:31:35,68:7d:6b:55:69:1b,-90,6,-22.824644,-47.064959,-22.829673,-47.061017,84,399,240,2021-06-15 11:27:35,0.6898704405394815
108753,617.0,2021-06-15 11:27:36,2021-06-15 11:29:42,b2:80:78:51:32:c6,-93,1,-22.824685000000002,-47.065058,-22.829486,-47.065384,214,400,126,2021-06-15 11:27:36,0.5348920469663128
108952,617.0,2021-06-15 11:58:50,2021-06-15 12:02:30,36:47:df:0d:9b:cf,-93,1,-22.825734,-47.066482,-22.821142000000002,-47.070594,61,99,220,2021-06-15 11:58:50,0.6620631679227006
109003,617.0,2021-06-15 12:00:22,2021-06-15 12:02:10,04:b1:67:33:60:2e,-94,1,-22.825295,-47.066389,-22.821779,-47.069595,64,150,108,2021-06-15 12:00:22,0.5107012024641535
109118,617.0,2021-06-15 12:03:56,2021-06-15 12:15:21,5a:ae:ef:87:15:4d,-89,9,-22.817252,-47.072662,-22.81843,-47.059698,69,265,685,2021-06-15 12:03:56,1.3351630588065342
109394,617.0,2021-06-15 12:19:13,2021-06-15 12:20:22,2e:5d:fe:64:ac:ee,-88,6,-22.829303,-47.065566,-22.831542000000002,-47.062264,213,541,69,2021-06-15 12:19:13,0.42011836129597846
109471,617.0,2021-06-15 12:32:01,2021-06-15 12:36:26,1e:48:b5:39:cf:b8,-90,11,-22.829539,-47.063381,-22.823382000000002,-47.068582,71,34,265,2021-06-15 12:32:01,0.8676637458537962
109484,617.0,2021-06-15 12:32:30,2021-06-15 12:34:38,52:2e:c1:de:fb:ce,-93,7,-22.82943,-47.064949,-22.825477,-47.065998,249,47,128,2021-06-15 12:32:30,0.4525105304787297
109609,617.0,2021-06-15 12:34:34,2021-06-15 12:36:34,04:c8:07:92:42:0c,-56,5,-22.825508,-47.066041,-22.82282,-47.068989,115,172,120,2021-06-15 12:34:34,0.4249974258447964
109656,617.0,2021-06-15 12:35:25,2021-06-15 12:39:54,8a:44:21:68:52:b3,-62,1,-22.825228,-47.066261,-22.816487,-47.072702,57,219,269,2021-06-15 12:35:25,1.1749422363822386
109682,617.0,2021-06-15 12:36:06,2021-06-15 12:39:17,06:33:04:67:26:62,-46,1,-22.824444,-47.06765,-22.817219,-47.072701,167,245,191,2021-06-15 12:36:06,0.9557306838504694
109739,617.0,2021-06-15 12:37:37,2021-06-15 12:40:17,0c:f4:d5:95:84:e8,-94,1,-22.819263,-47.072223,-22.815154999999997,-47.072449,63,302,160,2021-06-15 12:37:37,0.45737631958335073
109748,617.0,2021-06-15 12:37:49,2021-06-15 12:40:44,08:8c:2c:ab:bb:df,-89,1,-22.818911,-47.072412,-22.813941,-47.070864,33,311,175,2021-06-15 12:37:49,0.57496420288673
109765,617.0,2021-06-15 12:38:27,2021-06-15 12:52:42,04:d9:f5:3e:a2:60,-92,1,-22.817491,-47.072651,-22.825054,-47.065732000000004,103,328,855,2021-06-15 12:38:27,1.1000441324647625
110024,617.0,2021-06-15 12:52:36,2021-06-15 12:56:02,1c:bf:ce:10:59:ac,-73,6,-22.824934,-47.065492,-22.830489,-47.062138,42,587,206,2021-06-15 12:52:36,0.7068908420955022
110047,617.0,2021-06-15 12:53:02,2021-06-15 12:55:03,50:92:b9:c0:4f:42,-92,6,-22.825585,-47.066558,-22.831867000000003,-47.062281,55,610,121,2021-06-15 12:53:02,0.8246650909553033
110908,617.0,2021-06-15 13:13:05,2021-06-15 13:15:40,68:7d:6b:40:b8:df,-88,6,-22.829528,-47.063443,-22.825244,-47.065538000000004,100,54,155,2021-06-15 13:13:05,0.5225114545621512
110928,617.0,2021-06-15 13:13:47,2021-06-15 13:20:13,d0:9c:7a:ac:8b:59,-55,1,-22.829344,-47.065081,-22.8165,-47.072665,115,74,386,2021-06-15 13:13:47,1.6260040447131778
111027,617.0,2021-06-15 13:15:18,2021-06-15 13:19:22,98:39:8e:af:a9:91,-69,11,-22.825764000000003,-47.066583,-22.818344,-47.072153,104,173,244,2021-06-15 13:15:18,1.0033087608699585
111084,617.0,2021-06-15 13:16:10,2021-06-15 13:18:17,2e:17:44:65:92:e5,-76,11,-22.825128,-47.06608,-22.821652,-47.070125,71,230,127,2021-06-15 13:16:10,0.5667979710230618
111224,617.0,2021-06-15 13:19:31,2021-06-15 13:30:52,a4:50:46:38:c3:f7,-95,1,-22.818015,-47.072549,-22.818082,-47.060871,153,370,681,2021-06-15 13:19:31,1.196937239236295
111235,617.0,2021-06-15 13:19:42,2021-06-15 13:22:25,82:62:7e:93:4f:f1,-88,1,-22.817498,-47.072629,-22.812598,-47.06738,177,381,163,2021-06-15 13:19:42,0.7657086644940995
111303,617.0,2021-06-15 13:23:50,2021-06-15 13:25:44,30:cb:f8:1c:4b:75,-90,11,-22.815735999999998,-47.066179,-22.820802,-47.068121000000005,68,449,114,2021-06-15 13:23:50,0.5974448760952692
111344,617.0,2021-06-15 13:25:19,2021-06-15 13:36:35,36:d8:df:0e:d8:b1,-82,1,-22.820009,-47.068065999999995,-22.831232,-47.062295,38,490,676,2021-06-15 13:25:19,1.3810064247917775
113601,617.0,2021-06-15 14:59:09,2021-06-15 15:01:09,7a:89:7d:b4:c1:ad,-88,6,-22.82901,-47.065806,-22.82967,-47.061634000000005,36,440,120,2021-06-15 14:59:09,0.43381824230269406
114687,617.0,2021-06-15 15:45:55,2021-06-15 15:49:00,f4:f5:24:24:b9:6b,-90,6,-22.825664,-47.066456,-22.821441,-47.070325,154,83,185,2021-06-15 15:45:55,0.6146040669243465
114885,617.0,2021-06-15 15:53:21,2021-06-15 15:59:54,c8:c7:50:45:fd:73,-89,1,-22.814598,-47.064232000000004,-22.818348999999998,-47.06371,52,281,393,2021-06-15 15:53:21,0.4205101934366359
114891,617.0,2021-06-15 15:53:32,2021-06-15 15:59:46,48:90:2f:d6:99:2a,-94,8,-22.815057,-47.064367,-22.818099,-47.064098,84,287,374,2021-06-15 15:53:32,0.33937721642923363
115017,617.0,2021-06-15 15:59:08,2021-06-15 16:03:04,50:92:b9:d5:07:1a,-47,11,-22.816668,-47.062494,-22.825067,-47.065902,93,411,236,2021-06-15 15:59:08,0.9971075384583153
115043,617.0,2021-06-15 16:00:49,2021-06-15 16:02:53,d4:c9:4b:91:df:27,-94,11,-22.818932,-47.059862,-22.824866,-47.065546000000005,78,437,124,2021-06-15 16:00:49,0.8801971709500948
118331,617.0,2021-06-16 07:32:22,2021-06-16 07:34:30,aa:18:5f:87:4b:7b,-94,1,-22.824987,-47.065632,-22.831385,-47.063375,37,601,128,2021-06-16 07:32:22,0.7480850717511844
119644,617.0,2021-06-16 08:30:36,2021-06-16 08:42:04,5a:ae:ef:87:15:4d,-59,13,-22.818112,-47.072466999999996,-22.820693,-47.060496,77,605,688,2021-06-16 08:30:36,1.2600510977854813
120653,617.0,2021-06-16 09:07:05,2021-06-16 09:18:20,02:00:00:00:00:00,-86,1,-22.825898000000002,-47.066836,-22.820404999999997,-47.065999,45,57,675,2021-06-16 09:07:05,0.6167891209664006
120677,617.0,2021-06-16 09:07:52,2021-06-16 09:21:47,68:7d:6b:40:b8:df,-93,3,-22.825095,-47.0661,-22.818414,-47.063935,35,81,835,2021-06-16 09:07:52,0.775324322086884
120679,617.0,2021-06-16 09:07:58,2021-06-16 09:09:21,68:7d:6b:27:99:67,-94,6,-22.825235,-47.066385,-22.821683,-47.070096,132,83,83,2021-06-16 09:07:58,0.5483185842769005
120743,617.0,2021-06-16 09:10:12,2021-06-16 09:14:05,70:fd:46:9e:15:2e,-93,1,-22.818552,-47.072184,-22.814252,-47.071684999999995,91,147,233,2021-06-16 09:10:12,0.4808664381056088
122259,617.0,2021-06-16 11:14:50,2021-06-16 11:16:58,58:d9:c3:7e:1d:58,-71,1,-22.828248000000002,-47.066532,-22.824261,-47.067738,97,67,128,2021-06-16 11:14:50,0.4602417750579256
122432,617.0,2021-06-16 11:20:45,2021-06-16 11:27:51,c6:5c:22:fa:02:90,-65,1,-22.816563000000002,-47.072668,-22.813342000000002,-47.063646000000006,47,240,426,2021-06-16 11:20:45,0.9916517285793068
122694,617.0,2021-06-16 11:34:21,2021-06-16 11:35:52,a0:c9:a0:af:99:26,-82,11,-22.826369,-47.067679999999996,-22.8313,-47.063538,82,502,91,2021-06-16 11:34:21,0.6934191599636941
122815,617.0,2021-06-16 11:57:33,2021-06-16 12:03:53,76:73:0c:5b:80:aa,-59,11,-22.829520000000002,-47.064005,-22.817242,-47.072693,240,49,380,2021-06-16 11:57:33,1.6299609801621697
122823,617.0,2021-06-16 11:57:37,2021-06-16 12:01:57,66:8c:03:fb:68:96,-58,1,-22.82953,-47.064172,-22.822622,-47.069156,255,57,260,2021-06-16 11:57:37,0.9224663664355464
122889,617.0,2021-06-16 11:59:18,2021-06-16 12:04:21,70:fd:46:bc:5b:3a,-90,1,-22.825889,-47.066764,-22.816535000000002,-47.07269,93,123,303,2021-06-16 11:59:18,1.2044637891324994
123124,617.0,2021-06-16 12:04:24,2021-06-16 12:15:48,5a:ae:ef:87:15:4d,-68,5,-22.816465,-47.072688,-22.821642999999998,-47.060818,105,358,684,2021-06-16 12:04:24,1.3459513096823925
123175,617.0,2021-06-16 12:07:30,2021-06-16 12:17:37,98:39:8e:7e:1a:75,-93,8,-22.815537,-47.065708,-22.825159,-47.066093,152,409,607,2021-06-16 12:07:30,1.0706464518905936
124014,617.0,2021-06-16 12:33:39,2021-06-16 12:38:43,a8:16:d0:0a:0e:79,-80,1,-22.827641,-47.06103,-22.825301,-47.066608,165,2,304,2021-06-16 12:33:39,0.6281002398081483
124016,617.0,2021-06-16 12:33:44,2021-06-16 12:38:27,fc:19:99:b1:07:0a,-68,1,-22.828079000000002,-47.06089,-22.8251,-47.065981,164,5,283,2021-06-16 12:33:44,0.6180288123206172
124043,617.0,2021-06-16 12:35:03,2021-06-16 12:41:17,60:1d:91:0e:65:14,-81,1,-22.829525,-47.063658000000004,-22.818635999999998,-47.072208,85,33,374,2021-06-16 12:35:03,1.4946256008797196
124047,617.0,2021-06-16 12:35:06,2021-06-16 12:41:14,30:fc:eb:89:8f:80,-70,1,-22.829514,-47.0638,-22.818747000000002,-47.07232,60,36,368,2021-06-16 12:35:06,1.4818431371214738
124254,617.0,2021-06-16 12:40:55,2021-06-16 12:42:24,e0:dc:ff:30:e6:1c,-95,1,-22.819163,-47.072264000000004,-22.816113,-47.072713,34,271,89,2021-06-16 12:40:55,0.3422530120444115
124297,617.0,2021-06-16 12:42:01,2021-06-16 12:44:23,16:45:f4:95:dd:9c,-71,11,-22.816637,-47.072721,-22.812552,-47.067278,44,313,142,2021-06-16 12:42:01,0.7194171874193048
124299,617.0,2021-06-16 12:42:05,2021-06-16 12:43:28,32:43:ab:c1:7c:55,-63,11,-22.816616,-47.072705,-22.813927,-47.068492,85,315,83,2021-06-16 12:42:05,0.5252283569500257
125312,617.0,2021-06-16 13:16:03,2021-06-16 13:18:33,8c:e5:c0:a5:e5:20,-90,6,-22.828232999999997,-47.066523,-22.825356,-47.066648,36,116,150,2021-06-16 13:16:03,0.32016464923417354
125445,617.0,2021-06-16 13:17:57,2021-06-16 13:19:25,36:d1:59:60:95:4b,-91,6,-22.824955,-47.065784,-22.822948,-47.068891,48,249,88,2021-06-16 13:17:57,0.38884859592664583
125475,617.0,2021-06-16 13:18:29,2021-06-16 13:19:35,32:c1:70:93:22:9b,-85,1,-22.825336,-47.066565999999995,-22.822423,-47.069382,31,279,66,2021-06-16 13:18:29,0.4338354038042374
125541,617.0,2021-06-16 13:19:46,2021-06-16 13:20:58,4c:63:71:1e:76:80,-91,11,-22.822307000000002,-47.069463,-22.819153,-47.0723,37,345,72,2021-06-16 13:19:46,0.4555683407744104
125549,617.0,2021-06-16 13:19:56,2021-06-16 13:21:10,82:be:c1:77:e3:1e,-90,11,-22.821873999999998,-47.069489000000004,-22.818847,-47.072413,46,353,74,2021-06-16 13:19:56,0.45066843275958085
125639,617.0,2021-06-16 13:22:21,2021-06-16 13:26:54,78:23:27:3d:cd:46,-55,1,-22.816094,-47.072687,-22.819522,-47.067243,155,443,273,2021-06-16 13:22:21,0.6757439241836919
125681,617.0,2021-06-16 13:23:47,2021-06-16 13:28:32,f0:d7:aa:1c:9f:12,-36,6,-22.812692000000002,-47.067808,-22.819862,-47.065407,219,485,285,2021-06-16 13:23:47,0.8343843508128783
125711,617.0,2021-06-16 13:25:17,2021-06-16 13:27:46,70:bb:e9:e7:34:81,-93,2,-22.815685000000002,-47.066072,-22.821253,-47.067583,112,515,149,2021-06-16 13:25:17,0.638209067389499
125906,617.0,2021-06-16 13:35:30,2021-06-16 13:36:58,1e:a8:4d:86:6a:0b,-76,1,-22.826045999999998,-47.067617999999996,-22.831405,-47.063340000000004,45,710,88,2021-06-16 13:35:30,0.7398053028784383
126670,617.0,2021-06-16 13:56:29,2021-06-16 14:00:28,58:d9:c3:7e:1d:58,-64,10,-22.827875,-47.066804,-22.81916,-47.072252,126,67,239,2021-06-16 13:56:29,1.1184153483891437
126852,617.0,2021-06-16 14:02:47,2021-06-16 14:07:40,c8:d7:b0:fb:c0:f2,-69,6,-22.812953,-47.067941,-22.816663000000002,-47.063595,108,249,293,2021-06-16 14:02:47,0.6071291158883811
127307,617.0,2021-06-16 14:45:29,2021-06-16 14:49:14,30:cb:f8:6d:e7:cf,-68,6,-22.81379,-47.068274,-22.821342,-47.06772,194,228,225,2021-06-16 14:45:29,0.841662759669139
129257,617.0,2021-06-16 15:45:24,2021-06-16 15:47:43,f4:f5:24:24:b9:6b,-87,13,-22.825689,-47.066472999999995,-22.822127,-47.069482,204,62,139,2021-06-16 15:45:24,0.5019763732735324
129530,617.0,2021-06-16 15:56:37,2021-06-16 16:00:35,50:92:b9:d5:07:1a,-49,11,-22.816211,-47.062505,-22.825110000000002,-47.066012,239,335,238,2021-06-16 15:56:37,1.0527840301247977
129626,617.0,2021-06-16 16:01:06,2021-06-16 16:02:15,bc:98:df:d8:a7:95,-91,1,-22.826206,-47.067659,-22.830956,-47.063989,70,431,69,2021-06-16 16:01:06,0.6484112553783377
130291,617.0,2021-06-16 16:43:16,2021-06-16 16:44:17,d2:6c:14:b5:e6:f8,-86,11,-22.829538,-47.06385,-22.827889000000003,-47.066794,106,23,61,2021-06-16 16:43:16,0.35306325320479054
130601,617.0,2021-06-16 16:56:12,2021-06-16 16:59:29,78:23:27:42:af:e2,-53,12,-22.818167000000003,-47.063055,-22.825186,-47.066103999999996,74,333,197,2021-06-16 16:56:12,0.840712927705096
135044,617.0,2021-06-17 07:55:18,2021-06-17 07:58:17,8a:fe:35:f8:77:d3,-93,1,-22.829543,-47.063897,-22.825110000000002,-47.065269,154,52,179,2021-06-17 07:55:18,0.5125907082230833
136108,617.0,2021-06-17 09:20:17,2021-06-17 09:21:20,0a:36:b3:f8:13:c4,-60,11,-22.818329000000002,-47.063829,-22.813445,-47.064531,144,301,63,2021-06-17 09:20:17,0.547822385679701
136874,617.0,2021-06-17 11:12:09,2021-06-17 11:15:27,66:8c:03:fb:68:96,-55,6,-22.829511,-47.064412,-22.824298000000002,-47.067717,247,35,198,2021-06-17 11:12:09,0.6713681894825814
137118,617.0,2021-06-17 11:19:41,2021-06-17 11:30:21,c6:5c:22:fa:02:90,-58,1,-22.814815,-47.072202000000004,-22.820237,-47.06031,107,279,640,2021-06-17 11:19:41,1.3598120735365073
137303,617.0,2021-06-17 11:31:51,2021-06-17 11:33:53,68:7d:6b:55:69:1b,-54,6,-22.824903,-47.065497,-22.83116,-47.063759000000005,90,464,122,2021-06-17 11:31:51,0.7181862171150882
137419,617.0,2021-06-17 11:58:37,2021-06-17 12:02:34,b0:70:2d:8a:fb:3a,-56,5,-22.829503,-47.063916,-22.822654999999997,-47.069128000000006,103,41,237,2021-06-17 11:58:37,0.9301380106046406
137434,617.0,2021-06-17 11:58:37,2021-06-17 12:02:34,b0:70:2d:8a:fb:3a,-56,5,-22.829503,-47.063916,-22.822654999999997,-47.069128000000006,103,41,237,2021-06-17 11:58:37,0.9301380106046406
137440,617.0,2021-06-17 11:59:15,2021-06-17 12:02:12,70:fd:46:20:51:ca,-95,6,-22.828668,-47.066103000000005,-22.823839000000003,-47.068165,210,61,177,2021-06-17 11:59:15,0.5770499741401044
137485,617.0,2021-06-17 12:00:34,2021-06-17 12:07:22,de:3d:12:1a:a5:6b,-91,11,-22.825669,-47.066323,-22.814059,-47.064617,155,104,408,2021-06-17 12:00:34,1.3027620512079854
137562,617.0,2021-06-17 12:02:04,2021-06-17 12:05:04,0c:9d:92:7e:16:3d,-62,1,-22.824194,-47.067813,-22.816589,-47.072719,166,180,180,2021-06-17 12:02:04,0.9838368381339987
137648,617.0,2021-06-17 12:04:23,2021-06-17 12:09:39,a8:9f:ba:16:99:cc,-80,1,-22.818084,-47.072373,-22.819999,-47.067867,35,266,316,2021-06-17 12:04:23,0.5085569344557276
137666,617.0,2021-06-17 12:04:47,2021-06-17 12:15:03,5a:ae:ef:87:15:4d,-87,5,-22.817109,-47.072712,-22.818103,-47.061414,249,284,616,2021-06-17 12:04:47,1.1632334167226956
138571,617.0,2021-06-17 12:33:08,2021-06-17 12:34:56,f2:de:08:89:23:4c,-79,1,-22.827351,-47.061211,-22.829521,-47.064063,76,15,108,2021-06-17 12:33:08,0.3790180763759239
138781,617.0,2021-06-17 12:38:41,2021-06-17 12:53:20,ea:1c:b8:39:e3:45,-87,1,-22.823241,-47.068612,-22.824961,-47.065692999999996,67,225,879,2021-06-17 12:38:41,0.35507430323134725
138835,617.0,2021-06-17 12:40:40,2021-06-17 12:53:21,04:d9:f5:3e:a2:60,-90,1,-22.817168,-47.072741,-22.824973,-47.065721,236,279,761,2021-06-17 12:40:40,1.127329025472987
138853,617.0,2021-06-17 12:41:35,2021-06-17 12:49:56,18:31:bf:d3:1e:7c,-73,11,-22.816543,-47.072695,-22.818047,-47.063655,250,297,501,2021-06-17 12:41:35,0.9415143590494423
139086,617.0,2021-06-17 12:54:30,2021-06-17 12:55:47,98:b8:ba:64:07:f8,-95,11,-22.828098,-47.066654,-22.83172,-47.062754,250,530,77,2021-06-17 12:54:30,0.5674125769748082
139189,617.0,2021-06-17 13:14:04,2021-06-17 13:15:06,90:73:5a:60:57:ea,-94,1,-22.826567,-47.061715,-22.829676,-47.060869,105,13,62,2021-06-17 13:14:04,0.3564122018342216
139317,617.0,2021-06-17 13:17:29,2021-06-17 13:19:39,56:af:7c:3d:e2:7d,-95,11,-22.825698000000003,-47.066457,-22.822617,-47.069231,163,141,130,2021-06-17 13:17:29,0.4451937918689017
139332,617.0,2021-06-17 13:17:39,2021-06-17 13:21:06,d0:77:14:dd:60:8f,-91,9,-22.825469000000002,-47.066109999999995,-22.818672,-47.072201,55,156,207,2021-06-17 13:17:39,0.9802714352016989
139510,617.0,2021-06-17 13:22:17,2021-06-17 13:24:38,82:62:7e:93:4f:f1,-88,1,-22.817211,-47.072697,-22.812528,-47.067467,59,334,141,2021-06-17 13:22:17,0.7473333290493482
139522,617.0,2021-06-17 13:23:01,2021-06-17 13:24:21,e8:5a:8b:2e:0c:6a,-93,6,-22.815279999999998,-47.072528000000005,-22.812651000000002,-47.067833,179,346,80,2021-06-17 13:23:01,0.5630541840355218
139523,617.0,2021-06-17 13:23:05,2021-06-17 13:24:22,aa:81:f9:4b:48:e2,-86,6,-22.815085999999997,-47.072441,-22.812632999999998,-47.067825,142,347,77,2021-06-17 13:23:05,0.5461170259461502
139542,617.0,2021-06-17 13:24:03,2021-06-17 13:34:02,c8:d7:b0:fb:c0:f2,-84,6,-22.813306,-47.068123,-22.819851,-47.060184,49,366,599,2021-06-17 13:24:03,1.0916783052312822
140550,617.0,2021-06-17 14:01:17,2021-06-17 14:05:08,7a:a5:15:82:c6:65,-64,11,-22.827722,-47.066993,-22.821067000000003,-47.070633,173,62,231,2021-06-17 14:01:17,0.828719876152803
141172,617.0,2021-06-17 14:43:49,2021-06-17 14:51:52,04:d9:f5:43:5a:74,-66,1,-22.812576,-47.067621,-22.8181,-47.060171000000004,47,238,483,2021-06-17 14:43:49,0.9799797219955972
142391,617.0,2021-06-17 15:11:24,2021-06-17 15:14:53,c6:9e:9f:6d:9c:ec,-89,11,-22.813943,-47.06469,-22.819941,-47.065453000000005,107,238,209,2021-06-17 15:11:24,0.6715172682994897
142392,617.0,2021-06-17 15:11:26,2021-06-17 15:15:05,58:d9:c3:98:e3:12,-88,1,-22.814086,-47.064578999999995,-22.819827,-47.065354,122,239,219,2021-06-17 15:11:26,0.6432938994954445
142404,617.0,2021-06-17 15:12:03,2021-06-17 15:22:09,8a:25:c6:af:8d:22,-92,1,-22.815139000000002,-47.064629,-22.825722,-47.066815999999996,171,251,606,2021-06-17 15:12:03,1.1979348390791986
142481,617.0,2021-06-17 15:15:50,2021-06-17 15:16:54,d4:63:c6:89:b3:68,-91,11,-22.817088000000002,-47.06367,-22.813568,-47.063453,36,328,64,2021-06-17 15:15:50,0.3920381010872101
142564,617.0,2021-06-17 15:22:14,2021-06-17 15:24:10,3c:bb:fd:7f:70:c0,-87,1,-22.825825,-47.067144,-22.831818,-47.062171,133,411,116,2021-06-17 15:22:14,0.8389454226781118
146140,617.0,2021-06-18 07:18:53,2021-06-18 07:33:29,02:00:00:00:00:00,-91,2,-22.818732999999998,-47.072311,-22.827803,-47.066986,33,352,876,2021-06-18 07:18:53,1.146734421852856
147193,617.0,2021-06-18 08:22:44,2021-06-18 08:24:31,50:92:b9:02:b9:28,-46,6,-22.829647,-47.061395000000005,-22.827896,-47.066831,86,384,107,2021-06-18 08:22:44,0.5901515996378857
147259,617.0,2021-06-18 08:25:40,2021-06-18 08:35:26,fc:19:99:91:33:8a,-91,6,-22.825044000000002,-47.065265000000004,-22.820063,-47.065616999999996,94,450,586,2021-06-18 08:25:40,0.5550363850568992
147313,617.0,2021-06-18 08:28:14,2021-06-18 08:41:04,5a:ae:ef:87:15:4d,-91,1,-22.820007999999998,-47.071705,-22.820201,-47.060309000000004,133,504,770,2021-06-18 08:28:14,1.16819051503805
147375,617.0,2021-06-18 08:32:20,2021-06-18 08:34:51,24:46:c8:5d:c1:0c,-42,3,-22.814311,-47.06445,-22.821320999999998,-47.06773,46,566,151,2021-06-18 08:32:20,0.8488820479348713
147568,617.0,2021-06-18 09:07:29,2021-06-18 09:08:33,06:d4:8d:df:b9:7b,-92,6,-22.829695,-47.060646000000006,-22.829521,-47.064107,61,16,64,2021-06-18 09:07:29,0.3552256922132889
147626,617.0,2021-06-18 09:09:18,2021-06-18 09:12:43,50:92:b9:22:7f:22,-84,6,-22.828239,-47.066495,-22.821713,-47.070021000000004,203,74,205,2021-06-18 09:09:18,0.8106608213681805
147731,617.0,2021-06-18 09:11:50,2021-06-18 09:23:27,0a:36:b3:f8:13:c4,-93,6,-22.823566,-47.068393,-22.814881,-47.062807,237,179,697,2021-06-18 09:11:50,1.1226814823478601
148895,617.0,2021-06-18 11:17:15,2021-06-18 11:25:03,c6:5c:22:fa:02:90,-94,1,-22.817326,-47.072645,-22.813482,-47.06353,255,234,468,2021-06-18 11:17:15,1.0273795316171663
148998,617.0,2021-06-18 11:22:20,2021-06-18 11:23:31,1c:bf:ce:10:59:ac,-80,1,-22.821153,-47.067958000000004,-22.818837,-47.064414,35,336,71,2021-06-18 11:22:20,0.44526035065169717
149044,617.0,2021-06-18 11:25:30,2021-06-18 11:27:25,d8:bb:2c:e9:49:ac,-87,11,-22.81525,-47.062676,-22.818097,-47.061802,164,382,115,2021-06-18 11:25:30,0.3290024758833341
149858,617.0,2021-06-18 11:58:38,2021-06-18 12:00:38,0c:9d:92:7e:16:3d,-91,6,-22.825697,-47.066373999999996,-22.82331,-47.06857,157,82,120,2021-06-18 11:58:38,0.3479986199143428
150013,617.0,2021-06-18 12:02:05,2021-06-18 12:07:13,d8:9a:34:1d:ae:f9,-96,1,-22.819383,-47.072133,-22.816179,-47.066278999999994,229,237,308,2021-06-18 12:02:05,0.6977982146066184
150066,617.0,2021-06-18 12:04:05,2021-06-18 12:18:17,9e:d7:ff:2f:a4:16,-64,13,-22.816401000000003,-47.072674,-22.829167,-47.065699,179,290,852,2021-06-18 12:04:05,1.5893576516122891
150069,617.0,2021-06-18 12:04:10,2021-06-18 12:14:36,5a:ae:ef:87:15:4d,-56,11,-22.81612,-47.072665,-22.819091,-47.0599,100,293,626,2021-06-18 12:04:10,1.3493928222479143
150201,617.0,2021-06-18 12:09:42,2021-06-18 12:20:02,a0:4f:85:d4:dd:04,-80,1,-22.819942,-47.06541,-22.829676,-47.061538,73,425,620,2021-06-18 12:09:42,1.1528260539377229
150323,617.0,2021-06-18 12:17:25,2021-06-18 12:19:21,da:42:43:cb:be:11,-84,11,-22.826673,-47.067631,-22.831823999999997,-47.062171,78,547,116,2021-06-18 12:17:25,0.800734019109408
151016,617.0,2021-06-18 12:31:28,2021-06-18 12:32:35,08:cc:27:79:c6:37,-87,6,-22.829543,-47.061662,-22.829452,-47.064896999999995,123,23,67,2021-06-18 12:31:28,0.331691574449176
152338,617.0,2021-06-18 13:15:29,2021-06-18 13:17:42,04:c8:07:92:42:0c,-61,1,-22.822367,-47.069455,-22.816519,-47.072666,47,240,133,2021-06-18 13:15:29,0.7288055932301482
152461,617.0,2021-06-18 13:21:13,2021-06-18 13:22:51,68:7d:6b:83:59:d1,-56,5,-22.816722,-47.066171999999995,-22.821317,-47.067648999999996,118,364,98,2021-06-18 13:21:13,0.5328952713571662
152561,617.0,2021-06-18 13:26:25,2021-06-18 13:30:16,a8:16:d0:df:1d:75,-45,11,-22.823866,-47.063026,-22.829654,-47.061448,132,463,231,2021-06-18 13:26:25,0.663605167387789
152619,617.0,2021-06-18 13:28:15,2021-06-18 13:30:35,02:00:00:06:10:00,-47,6,-22.828570000000003,-47.066226,-22.829708,-47.060457,74,521,140,2021-06-18 13:28:15,0.6046242017393484
153210,617.0,2021-06-18 13:55:48,2021-06-18 14:02:01,f2:de:08:89:23:4c,-86,6,-22.829051,-47.060477,-22.821854000000002,-47.069494,57,19,373,2021-06-18 13:55:48,1.2224767660452895
153442,617.0,2021-06-18 14:04:09,2021-06-18 14:17:32,04:c8:07:92:42:0c,-55,6,-22.816338000000002,-47.072674,-22.828757,-47.066138,207,251,803,2021-06-18 14:04:09,1.534829505485057
154806,617.0,2021-06-18 15:07:14,2021-06-18 15:13:31,70:fd:46:ee:15:e6,-83,11,-22.829526,-47.063509,-22.816573,-47.072666,149,40,377,2021-06-18 15:07:14,1.7190882946054764
154994,617.0,2021-06-18 15:15:59,2021-06-18 15:22:45,88:b4:a6:a1:85:9f,-92,1,-22.813508,-47.065073999999996,-22.816619,-47.062490000000004,65,228,406,2021-06-18 15:15:59,0.43567248600219255
154996,617.0,2021-06-18 15:16:35,2021-06-18 15:27:10,8a:25:c6:af:8d:22,-90,1,-22.815171,-47.064706,-22.824947,-47.065613,158,230,635,2021-06-18 15:16:35,1.091010651955511
159719,617.0,2021-06-21 07:33:47,2021-06-21 07:35:07,04:d9:f5:69:3a:d7,-79,1,-22.825669,-47.066716,-22.829698,-47.065194,73,571,80,2021-06-21 07:33:47,0.47438305734994113
160146,617.0,2021-06-21 08:05:29,2021-06-21 08:12:33,68:c4:4d:76:e6:cb,-83,1,-22.819679,-47.065121999999995,-22.829674,-47.061253,45,302,424,2021-06-21 08:05:29,1.1800134025234537
160291,617.0,2021-06-21 08:21:11,2021-06-21 08:23:15,3a:fb:db:b9:bd:28,-91,1,-22.827568,-47.061095,-22.829527,-47.064615,69,0,124,2021-06-21 08:21:11,0.42141354565446837
160304,617.0,2021-06-21 08:22:37,2021-06-21 08:31:12,80:58:f8:42:06:f7,-64,11,-22.829579000000003,-47.062265999999994,-22.812586,-47.067197,49,13,515,2021-06-21 08:22:37,1.955956254963772
160306,617.0,2021-06-21 08:22:49,2021-06-21 08:26:14,02:00:00:00:00:00,-93,8,-22.829584,-47.063143,-22.825070999999998,-47.067026,41,15,205,2021-06-21 08:22:49,0.6404636445390374
160478,617.0,2021-06-21 08:26:54,2021-06-21 08:30:55,30:cb:f8:6d:e7:cf,-95,1,-22.822929000000002,-47.068951,-22.812747,-47.067820000000005,115,187,241,2021-06-21 08:26:54,1.1381071002026286
160531,617.0,2021-06-21 08:28:13,2021-06-21 08:40:22,5a:ae:ef:87:15:4d,-70,6,-22.819179000000002,-47.072269,-22.820373999999997,-47.060355,189,240,729,2021-06-21 08:28:13,1.228295512888141
161034,617.0,2021-06-21 09:12:09,2021-06-21 09:14:37,0a:36:b3:f8:13:c4,-53,1,-22.820945000000002,-47.066936,-22.814763,-47.06284,158,237,148,2021-06-21 09:12:09,0.8054638595207226
161228,617.0,2021-06-21 11:13:45,2021-06-21 11:16:35,f0:d7:aa:53:78:d4,-89,11,-22.827978,-47.066728000000005,-22.823017,-47.068798,155,47,170,2021-06-21 11:13:45,0.5910267127712377
161371,617.0,2021-06-21 11:19:09,2021-06-21 11:26:20,8a:62:c8:e6:67:66,-54,11,-22.816211,-47.072689000000004,-22.813164999999998,-47.064112,231,190,431,2021-06-21 11:19:09,0.9420949941685811
161373,617.0,2021-06-21 11:19:31,2021-06-21 11:30:33,c6:5c:22:fa:02:90,-50,11,-22.814757999999998,-47.072155,-22.820714000000002,-47.060488,85,192,662,2021-06-21 11:19:31,1.3669397346110632
161386,617.0,2021-06-21 11:20:16,2021-06-21 11:28:42,78:23:27:31:0d:66,-58,1,-22.813793,-47.069507,-22.818134,-47.062462,113,205,506,2021-06-21 11:20:16,0.8685557620061114
161943,617.0,2021-06-21 12:02:39,2021-06-21 12:04:25,68:7d:6b:52:05:25,-88,3,-22.817194,-47.072694,-22.8135,-47.068148,56,261,106,2021-06-21 12:02:39,0.6211457093427994
161950,617.0,2021-06-21 12:03:09,2021-06-21 12:13:45,5a:ae:ef:87:15:4d,-63,7,-22.816418,-47.072678,-22.820714000000002,-47.06046,204,268,636,2021-06-21 12:03:09,1.340274443790761
162304,617.0,2021-06-21 12:31:04,2021-06-21 12:32:46,38:9a:f6:d7:e8:a9,-95,6,-22.829425,-47.062133,-22.827911,-47.066792,53,47,102,2021-06-21 12:31:04,0.5062871786051555
162366,617.0,2021-06-21 12:32:35,2021-06-21 12:37:32,06:33:04:67:26:62,-52,11,-22.827916000000002,-47.066778,-22.817226,-47.072706,210,109,297,2021-06-21 12:32:35,1.3349445061134508
162581,617.0,2021-06-21 12:37:56,2021-06-21 12:43:44,04:d9:f5:3e:a2:60,-67,1,-22.816573,-47.072676,-22.819004,-47.064524,199,324,348,2021-06-21 12:37:56,0.8781642805874764
162589,617.0,2021-06-21 12:38:23,2021-06-21 12:51:27,9e:d7:ff:2f:a4:16,-53,11,-22.815029,-47.072332,-22.828737,-47.066151,150,332,784,2021-06-21 12:38:23,1.650662597563821
162777,617.0,2021-06-21 12:49:42,2021-06-21 12:50:59,a8:16:d0:47:b7:a3,-93,12,-22.824864,-47.065464,-22.827405,-47.067375,34,520,77,2021-06-21 12:49:42,0.34378901469458567
162816,617.0,2021-06-21 12:50:40,2021-06-21 12:51:54,d6:1d:9f:4c:a5:26,-96,6,-22.826575,-47.067636,-22.828856,-47.066003,160,559,74,2021-06-21 12:50:40,0.30387553990856525
162906,617.0,2021-06-21 13:12:21,2021-06-21 13:13:42,d8:bb:2c:e9:49:ac,-94,6,-22.829411999999998,-47.060249,-22.829516,-47.064665000000005,49,13,81,2021-06-21 13:12:21,0.45271916461011213
163551,617.0,2021-06-21 13:58:38,2021-06-21 14:01:22,68:7d:6b:32:0f:03,-43,9,-22.826957999999998,-47.067568,-22.821425,-47.070293,75,73,164,2021-06-21 13:58:38,0.6756634280680301
164391,617.0,2021-06-21 15:11:13,2021-06-21 15:12:22,5e:62:cf:2a:5d:f2,-92,6,-22.813814999999998,-47.070309,-22.813094,-47.065633,67,446,69,2021-06-21 15:11:13,0.48593294323459446
164409,617.0,2021-06-21 15:12:32,2021-06-21 15:15:03,56:c4:b4:8f:4d:b8,-85,1,-22.813796,-47.064814,-22.821237,-47.067873,128,464,151,2021-06-21 15:12:32,0.8848132885832531
165525,617.0,2021-06-22 07:52:05,2021-06-22 07:53:16,cc:88:26:ce:41:44,-77,2,-22.829397,-47.065012,-22.826359,-47.067393,32,32,71,2021-06-22 07:52:05,0.4167265369316953
165796,617.0,2021-06-22 08:13:55,2021-06-22 08:23:35,a8:16:d0:e5:25:a3,-87,8,-22.827212,-47.061206,-22.825159,-47.066054,37,303,580,2021-06-22 08:13:55,0.546790579537751
166294,617.0,2021-06-22 09:03:39,2021-06-22 09:05:56,60:ab:67:eb:50:02,-89,1,-22.825245000000002,-47.066396999999995,-22.81834,-47.072181,140,106,137,2021-06-22 09:03:39,0.9700185943312952
166332,617.0,2021-06-22 09:05:02,2021-06-22 09:06:16,70:fd:46:48:ce:50,-88,13,-22.821753,-47.07005,-22.817498,-47.072671,57,144,74,2021-06-22 09:05:02,0.5440767631388549
166504,617.0,2021-06-22 09:16:16,2021-06-22 09:19:03,a8:96:75:16:f5:5d,-93,1,-22.8181,-47.060574,-22.825426,-47.066532,67,316,167,2021-06-22 09:16:16,1.0180743855329664
166607,617.0,2021-06-22 11:09:48,2021-06-22 11:13:43,d6:42:0e:4e:1e:f8,-94,11,-22.82959,-47.062362,-22.823344,-47.068585999999996,91,23,235,2021-06-22 11:09:48,0.9430015050826069
166776,617.0,2021-06-22 11:15:49,2021-06-22 11:27:26,c6:5c:22:fa:02:90,-77,1,-22.816707,-47.072674,-22.820267,-47.060352,33,192,697,2021-06-22 11:15:49,1.3235015643066417
167248,617.0,2021-06-22 12:03:01,2021-06-22 12:11:51,c8:d7:b0:fb:c0:f2,-88,1,-22.813053,-47.067964,-22.819815,-47.060159999999996,104,241,530,2021-06-22 12:03:01,1.097788664548562
167654,617.0,2021-06-22 12:31:21,2021-06-22 12:32:41,82:98:e8:8b:66:6e,-85,6,-22.825289,-47.066762,-22.822279,-47.06946,38,131,80,2021-06-22 12:31:21,0.43414578448292257
168133,617.0,2021-06-22 13:16:22,2021-06-22 13:19:03,8a:44:21:68:52:b3,-91,11,-22.825809,-47.066684,-22.822577,-47.069207,191,121,161,2021-06-22 13:16:22,0.4427398108279976
168218,617.0,2021-06-22 13:17:53,2021-06-22 13:19:03,c8:c7:50:b1:ad:03,-91,1,-22.825353,-47.066542,-22.822577,-47.069207,71,206,70,2021-06-22 13:17:53,0.41216865683878784
168791,617.0,2021-06-22 14:12:47,2021-06-22 14:25:42,90:73:5a:47:f8:4e,-67,9,-22.812613,-47.067328,-22.830095,-47.062005,239,203,775,2021-06-22 14:12:47,2.019016646741524
169835,617.0,2021-06-22 15:45:19,2021-06-22 15:48:11,f4:f5:24:24:b9:6b,-92,6,-22.825671,-47.066445,-22.821601,-47.070169,132,119,172,2021-06-22 15:45:19,0.5920177493429092
169885,617.0,2021-06-22 15:46:36,2021-06-22 16:01:33,a8:16:d0:17:12:77,-90,11,-22.825285,-47.066482,-22.823273,-47.062044,173,169,897,2021-06-22 15:46:36,0.5068877521409676
170046,617.0,2021-06-22 15:52:44,2021-06-22 15:59:24,c8:c7:50:45:fd:73,-75,11,-22.81466,-47.064181,-22.818276,-47.063559000000005,52,327,400,2021-06-22 15:52:44,0.4071040468909344
170122,617.0,2021-06-22 15:54:17,2021-06-22 15:56:07,d8:bb:2c:e9:49:ac,-90,1,-22.819987,-47.067875,-22.817470999999998,-47.063812,121,400,110,2021-06-22 15:54:17,0.5016783175912498
170176,617.0,2021-06-22 15:57:37,2021-06-22 16:02:07,50:92:b9:d5:07:1a,-89,2,-22.814917,-47.062784,-22.824722,-47.06507,116,454,270,2021-06-22 15:57:37,1.115158490049543
170197,617.0,2021-06-22 15:59:28,2021-06-22 16:00:56,78:23:27:42:af:e2,-53,6,-22.818170000000002,-47.063235,-22.821148,-47.060651,134,475,88,2021-06-22 15:59:28,0.4240196652293403
170239,617.0,2021-06-22 16:02:00,2021-06-22 16:04:39,02:00:00:00:00:00,-94,5,-22.824416,-47.064335,-22.831556,-47.063086,47,517,159,2021-06-22 16:02:00,0.8041856491975967
171401,617.0,2021-06-23 08:33:01,2021-06-23 08:42:15,82:62:7e:93:4f:f1,-65,6,-22.812859,-47.067943,-22.820679000000002,-47.060453,38,584,554,2021-06-23 08:33:01,1.1599320922897958
171426,617.0,2021-06-23 08:33:51,2021-06-23 08:37:03,90:78:b2:5b:6a:3d,-56,1,-22.812657,-47.066765999999994,-22.82057,-47.06626,121,609,192,2021-06-23 08:33:51,0.8814137637574881
172046,617.0,2021-06-23 11:14:49,2021-06-23 11:16:26,70:fd:46:50:7e:a6,-96,11,-22.828948,-47.065851,-22.825933,-47.066916,247,44,97,2021-06-23 11:14:49,0.3525732292178985
172106,617.0,2021-06-23 11:16:36,2021-06-23 11:18:47,e0:10:7f:fe:52:a8,-94,1,-22.82559,-47.066178,-22.822547,-47.069241999999996,38,104,131,2021-06-23 11:16:36,0.46163145421656837
172215,617.0,2021-06-23 11:20:24,2021-06-23 11:25:17,7c:8b:b5:e5:85:13,-92,11,-22.818120999999998,-47.072331,-22.81954,-47.06726,114,213,293,2021-06-23 11:20:24,0.5431623816065663
172234,617.0,2021-06-23 11:21:14,2021-06-23 11:26:05,ce:ed:28:7a:c2:f3,-56,4,-22.816539000000002,-47.072661,-22.821163000000002,-47.067941999999995,51,232,291,2021-06-23 11:21:14,0.7059005595024871
172241,617.0,2021-06-23 11:21:44,2021-06-23 11:28:36,8a:62:c8:e6:67:66,-48,11,-22.814823999999998,-47.072216,-22.813385,-47.064485999999995,167,239,412,2021-06-23 11:21:44,0.8082904599790979
172311,617.0,2021-06-23 11:25:32,2021-06-23 11:28:45,c6:5c:22:fa:02:90,-81,1,-22.820092000000002,-47.068103,-22.813231,-47.063725,113,309,193,2021-06-23 11:25:32,0.8850874326480459
172520,617.0,2021-06-23 11:56:18,2021-06-23 12:01:35,92:f5:b3:93:bd:ec,-91,11,-22.829481,-47.064766999999996,-22.81813,-47.072340000000004,63,26,317,2021-06-23 11:56:18,1.4817189637496417
172712,617.0,2021-06-23 12:02:27,2021-06-23 12:10:21,68:7d:6b:52:05:25,-69,1,-22.81654,-47.072691,-22.817244,-47.062521999999994,46,239,474,2021-06-23 12:02:27,1.0451964774434757
172726,617.0,2021-06-23 12:02:43,2021-06-23 12:12:03,58:d9:c3:41:ef:11,-64,2,-22.815556,-47.072602,-22.818456,-47.059676,72,250,560,2021-06-23 12:02:43,1.3635150779290166
172947,617.0,2021-06-23 12:15:24,2021-06-23 12:16:58,b8:5a:73:ad:c4:ea,-77,11,-22.826072,-47.067557,-22.831553,-47.063057,68,482,94,2021-06-23 12:15:24,0.7642845885719363
173109,617.0,2021-06-23 13:16:25,2021-06-23 13:21:52,02:00:00:00:00:00,-82,4,-22.828385,-47.066342,-22.817481,-47.072598,49,73,327,2021-06-23 13:16:25,1.3715647745233814
173661,617.0,2021-06-23 14:01:50,2021-06-23 14:07:32,38:d4:0b:88:85:83,-87,6,-22.825756,-47.066465,-22.813776999999998,-47.069486,185,76,342,2021-06-23 14:01:50,1.3675192542265715
174383,617.0,2021-06-23 14:51:51,2021-06-23 14:57:56,60:1d:91:8b:67:29,-53,6,-22.818128,-47.061834000000005,-22.829662,-47.061545,78,375,365,2021-06-23 14:51:51,1.2828660301048656
174858,617.0,2021-06-23 15:20:01,2021-06-23 15:21:23,22:81:a3:e1:d6:18,-70,6,-22.824870999999998,-47.065488,-22.828257,-47.066545,124,399,82,2021-06-23 15:20:01,0.39178082866597036
175006,617.0,2021-06-23 15:43:39,2021-06-23 15:46:08,f4:f5:24:24:b9:6b,-66,5,-22.825594,-47.066184,-22.821719,-47.070095,95,83,149,2021-06-23 15:43:39,0.5884948441070194
175386,617.0,2021-06-23 16:02:08,2021-06-23 16:03:13,30:4b:07:ab:20:51,-96,11,-22.827336,-47.067362,-22.830942999999998,-47.064017,63,463,65,2021-06-23 16:02:08,0.527622343623072
175482,617.0,2021-06-23 16:41:25,2021-06-23 16:47:58,8a:79:56:23:46:ff,-91,1,-22.829577,-47.062523,-22.816601000000002,-47.072641,52,31,393,2021-06-23 16:41:25,1.7768531656852433
175488,617.0,2021-06-23 16:41:38,2021-06-23 16:46:12,50:92:b9:59:da:12,-94,1,-22.829525,-47.063567,-22.821369,-47.07039,220,37,274,2021-06-23 16:41:38,1.1451908404755666
175831,617.0,2021-06-23 16:57:45,2021-06-23 16:59:32,0c:9d:92:21:13:a8,-93,1,-22.825923,-47.067415000000004,-22.831851999999998,-47.062159,57,379,107,2021-06-23 16:57:45,0.8513516821027854
176316,617.0,2021-06-24 06:46:26,2021-06-24 06:48:12,e0:dc:ff:1f:a8:a8,-90,1,-22.828617,-47.06071,-22.829407,-47.065006,117,9,106,2021-06-24 06:46:26,0.4489526233064817
176362,617.0,2021-06-24 06:48:44,2021-06-24 06:57:39,90:73:5a:5e:da:70,-89,6,-22.82842,-47.06633,-22.813893,-47.064721999999996,212,55,535,2021-06-24 06:48:44,1.6237163340602583
176486,617.0,2021-06-24 06:52:09,2021-06-24 07:01:47,62:59:d1:fb:19:82,-53,1,-22.823613,-47.068354,-22.818126,-47.061820000000004,230,179,578,2021-06-24 06:52:09,0.9059366287396027
176531,617.0,2021-06-24 06:54:54,2021-06-24 06:56:46,f0:d7:aa:f1:25:a2,-51,11,-22.816525,-47.072656,-22.812552,-47.067625,34,224,112,2021-06-24 06:54:54,0.6790205249474298
177892,617.0,2021-06-24 08:23:53,2021-06-24 08:27:19,30:cb:f8:6d:e7:cf,-44,4,-22.821542,-47.07022,-22.812621,-47.067753,59,516,206,2021-06-24 08:23:53,1.0236900477531568
178060,617.0,2021-06-24 08:37:26,2021-06-24 08:39:42,d8:c4:6a:52:fa:19,-90,1,-22.824548999999998,-47.064657000000004,-22.831416,-47.063358,112,684,136,2021-06-24 08:37:26,0.775095168986537
178937,617.0,2021-06-24 09:10:21,2021-06-24 09:19:38,6a:bc:68:b4:c4:84,-84,1,-22.814919,-47.064126,-22.821827,-47.060868,116,220,557,2021-06-24 09:10:21,0.8375774417406359
178993,617.0,2021-06-24 09:12:31,2021-06-24 09:14:32,0a:36:b3:f8:13:c4,-94,11,-22.820632999999997,-47.068205999999996,-22.817421,-47.063769,51,276,121,2021-06-24 09:12:31,0.5782452216661826
178999,617.0,2021-06-24 09:12:42,2021-06-24 09:18:54,fc:64:3a:f4:6f:4a,-57,1,-22.820797,-47.068131,-22.818832999999998,-47.059824,183,282,372,2021-06-24 09:12:42,0.8789613110129653
180295,617.0,2021-06-24 11:14:32,2021-06-24 11:15:54,70:fd:46:50:7e:a6,-72,2,-22.82927,-47.065484999999995,-22.825326999999998,-47.06573,39,43,82,2021-06-24 11:14:32,0.4391605977621875
180449,617.0,2021-06-24 11:19:30,2021-06-24 11:28:03,c6:5c:22:fa:02:90,-93,1,-22.817325,-47.072651,-22.813382999999998,-47.063612,138,197,513,2021-06-24 11:19:30,1.0249144143222741
180462,617.0,2021-06-24 11:20:19,2021-06-24 11:32:14,48:2c:a0:9b:d1:ea,-57,11,-22.815785,-47.07264,-22.820317000000003,-47.060345,47,210,715,2021-06-24 11:20:19,1.3571791691088155
180464,617.0,2021-06-24 11:20:29,2021-06-24 11:22:43,7c:8b:b5:e5:85:13,-51,6,-22.815161,-47.072425,-22.813679999999998,-47.064938,106,212,134,2021-06-24 11:20:29,0.784857195096871
180484,617.0,2021-06-24 11:21:33,2021-06-24 11:24:25,14:30:c6:96:bc:ca,-53,6,-22.813807,-47.069223,-22.819013,-47.066817,166,232,172,2021-06-24 11:21:33,0.6292186333646528
180514,617.0,2021-06-24 11:22:47,2021-06-24 11:29:01,8a:62:c8:e6:67:66,-84,8,-22.813993,-47.064674,-22.816195999999998,-47.062509999999996,94,262,374,2021-06-24 11:22:47,0.33045712398810445
180585,617.0,2021-06-24 11:26:55,2021-06-24 11:34:42,68:7d:6b:de:79:2f,-87,6,-22.817355,-47.063735,-22.825670000000002,-47.066719,70,333,467,2021-06-24 11:26:55,0.9738553379505974
180686,617.0,2021-06-24 11:34:01,2021-06-24 11:37:44,b2:80:78:51:32:c6,-81,11,-22.825077,-47.065948,-22.829670999999998,-47.061381,87,434,223,2021-06-24 11:34:01,0.6928360816180761
180700,617.0,2021-06-24 11:34:28,2021-06-24 11:36:16,68:7d:6b:55:69:1b,-67,6,-22.825231,-47.066248,-22.831423,-47.063340999999994,96,448,108,2021-06-24 11:34:28,0.7502125857252521
181028,617.0,2021-06-24 12:02:40,2021-06-24 12:11:01,88:79:7e:8d:70:dd,-79,6,-22.817282000000002,-47.072728999999995,-22.813539000000002,-47.064578000000004,160,255,501,2021-06-24 12:02:40,0.9333704400419744
181380,617.0,2021-06-24 12:17:33,2021-06-24 12:18:34,28:5a:eb:bd:09:98,-87,1,-22.829037,-47.065799,-22.831842,-47.062224,97,615,61,2021-06-24 12:17:33,0.4811619543797802
181960,617.0,2021-06-24 12:32:48,2021-06-24 12:34:18,f0:d7:aa:50:86:33,-93,11,-22.82935,-47.061851000000004,-22.828412,-47.066427000000004,96,56,90,2021-06-24 12:32:48,0.4804294560858946
181980,617.0,2021-06-24 12:33:20,2021-06-24 12:36:37,98:39:8e:0d:ee:69,-83,2,-22.829523000000002,-47.0637,-22.824995,-47.065813,109,76,197,2021-06-24 12:33:20,0.5480864918485104
181982,617.0,2021-06-24 12:33:22,2021-06-24 12:36:46,80:58:f8:45:ec:cb,-83,6,-22.829522,-47.063701,-22.825225,-47.06633,163,78,204,2021-06-24 12:33:22,0.5485376274207205
181986,617.0,2021-06-24 12:33:31,2021-06-24 12:36:49,4a:8a:2e:e0:24:be,-85,1,-22.829519,-47.063901,-22.825274,-47.066435999999996,38,82,198,2021-06-24 12:33:31,0.5387976870944857
181992,617.0,2021-06-24 12:33:44,2021-06-24 12:39:33,50:3d:c6:04:84:f6,-45,6,-22.829494,-47.064745,-22.817835000000002,-47.072594,42,88,349,2021-06-24 12:33:44,1.5257225389409224
182077,617.0,2021-06-24 12:35:24,2021-06-24 12:40:14,70:fd:46:ee:15:e6,-85,11,-22.825913,-47.066753999999996,-22.816541,-47.072663,80,173,290,2021-06-24 12:35:24,1.2053162004093971
182125,617.0,2021-06-24 12:36:17,2021-06-24 12:39:43,04:c8:07:92:42:0c,-57,6,-22.825239,-47.06542,-22.817304999999998,-47.072661,247,221,206,2021-06-24 12:36:17,1.1528569802422846
182360,617.0,2021-06-24 12:43:57,2021-06-24 12:50:00,68:c4:4d:76:e6:cb,-93,7,-22.818585000000002,-47.066507,-22.818403,-47.059671,153,456,363,2021-06-24 12:43:57,0.7009325360860061
183320,617.0,2021-06-24 13:11:59,2021-06-24 13:25:18,34:be:00:a7:a6:a7,-94,11,-22.828117000000002,-47.066590999999995,-22.813348,-47.064422,68,110,799,2021-06-24 13:11:59,1.6572179512604288
183440,617.0,2021-06-24 13:14:10,2021-06-24 13:15:28,60:1d:91:0d:dc:a6,-65,1,-22.825086,-47.065953,-22.823043,-47.068715999999995,79,230,78,2021-06-24 13:14:10,0.3630364540020029
183484,617.0,2021-06-24 13:15:06,2021-06-24 13:23:12,96:33:af:15:c0:a8,-91,11,-22.824008,-47.067965,-22.820995,-47.066988,103,274,486,2021-06-24 13:15:06,0.34967431926869125
183635,617.0,2021-06-24 13:21:24,2021-06-24 13:23:09,fc:aa:b6:ca:d7:a1,-94,1,-22.818308,-47.066393,-22.82111,-47.067196,31,424,105,2021-06-24 13:21:24,0.3222552480308922
184559,617.0,2021-06-24 13:59:10,2021-06-24 14:01:36,06:41:4b:e7:7e:9b,-95,1,-22.829488,-47.064267,-22.825210000000002,-47.066291,114,101,146,2021-06-24 13:59:10,0.5189521721357091
184931,617.0,2021-06-24 14:17:08,2021-06-24 14:18:58,02:df:1f:5f:7c:d0,-93,6,-22.824969,-47.065641,-22.830788000000002,-47.064116,45,473,110,2021-06-24 14:17:08,0.6656522560356388
184954,617.0,2021-06-24 14:17:47,2021-06-24 14:19:13,f8:1f:32:80:3a:c9,-94,11,-22.826216,-47.067567,-22.831473000000003,-47.063196000000005,111,496,86,2021-06-24 14:17:47,0.7364586434605337
185565,617.0,2021-06-24 14:34:13,2021-06-24 14:38:10,7a:a5:15:82:c6:65,-72,6,-22.825619,-47.06622,-22.816742,-47.072689000000004,115,102,237,2021-06-24 14:34:13,1.1890794205464663
185611,617.0,2021-06-24 14:35:11,2021-06-24 14:40:51,02:00:00:00:00:00,-89,6,-22.825187,-47.066168,-22.814451000000002,-47.064283,54,148,340,2021-06-24 14:35:11,1.2093223413413294
185952,617.0,2021-06-24 14:56:57,2021-06-24 15:07:57,74:c6:3b:ed:d2:01,-51,6,-22.827367000000002,-47.06111,-22.820352,-47.071376,55,17,660,2021-06-24 14:56:57,1.3097593770823845
185975,617.0,2021-06-24 15:02:40,2021-06-24 15:06:56,a8:16:d0:a1:7e:b1,-80,6,-22.829658,-47.060899,-22.823529999999998,-47.068477,55,40,256,2021-06-24 15:02:40,1.033192208733727
186010,617.0,2021-06-24 15:04:08,2021-06-24 15:09:05,7a:56:28:98:1d:72,-95,11,-22.828379,-47.066367,-22.817273999999998,-47.072671,61,75,297,2021-06-24 15:04:08,1.3936358151307595
186176,617.0,2021-06-24 15:10:28,2021-06-24 15:14:48,98:39:8e:cd:d5:05,-63,6,-22.813772,-47.069771,-22.821092,-47.067141,112,242,260,2021-06-24 15:10:28,0.85742220409085
